gene,shap_importance,feature_rank
ENSG00000168748.14,0.00871973630224482,1
ENSG00000065325.13,0.007093703322996045,2
ENSG00000168079.17,0.0065412172975729,3
ENSG00000142959.5,0.006254333477095547,4
ENSG00000183034.13,0.005914236384907095,5
ENSG00000168546.11,0.005559969290130902,6
ENSG00000108381.11,0.005527897993208782,7
ENSG00000167767.14,0.005390922968347897,8
ENSG00000163815.6,0.005100440890232355,9
ENSG00000079689.14,0.005008494797719618,10
ENSG00000141338.14,0.004944433727928925,11
ENSG00000164283.13,0.00475963475829902,12
ENSG00000185432.12,0.004667799845492078,13
ENSG00000062038.14,0.004623179900932245,14
ENSG00000269404.7,0.004540308927893765,15
ENSG00000182271.13,0.004387155673334382,16
ENSG00000044012.4,0.004346979141157858,17
ENSG00000141668.10,0.004303053255946776,18
ENSG00000111846.19,0.004183740735579588,19
ENSG00000147724.12,0.004165570718485299,20
ENSG00000172987.13,0.0038487500770341184,21
ENSG00000104435.14,0.0037999949745291767,22
ENSG00000125851.10,0.003618433745325834,23
ENSG00000108231.14,0.00360718742160757,24
ENSG00000175832.13,0.003598703331051011,25
ENSG00000143171.13,0.003549033123938062,26
ENSG00000131096.10,0.0035276929610733665,27
ENSG00000186462.9,0.003311832210331305,28
ENSG00000186198.4,0.003268478957226225,29
ENSG00000197273.4,0.0032598314592184193,30
ENSG00000103888.17,0.0032510805525858646,31
ENSG00000164303.11,0.0032406402691904095,32
ENSG00000163497.3,0.003148731664191055,33
ENSG00000164379.7,0.0031266400485945624,34
ENSG00000147655.12,0.0031148561380024346,35
ENSG00000170419.11,0.003092669440582143,36
ENSG00000152785.8,0.0030461740268013884,37
ENSG00000166292.12,0.0029433266425202905,38
ENSG00000169860.7,0.002921777739104902,39
ENSG00000100604.13,0.0028333797652475698,40
ENSG00000162706.13,0.0027323863620752633,41
ENSG00000226629.1,0.0027155100806736695,42
ENSG00000165072.10,0.0025999894134392113,43
ENSG00000163106.11,0.0025327080247707586,44
ENSG00000111404.7,0.0024815974382783475,45
ENSG00000080493.18,0.002456785327287741,46
ENSG00000123560.14,0.002409181763387819,47
ENSG00000180875.5,0.0023359752778822677,48
ENSG00000182938.7,0.0023131406175769154,49
ENSG00000135549.15,0.002306249537821342,50
ENSG00000157005.4,0.0022865841756230976,51
ENSG00000233670.7,0.0022795561077882873,52
ENSG00000004799.8,0.0022773912803647125,53
ENSG00000162461.8,0.00223109016945092,54
ENSG00000159263.16,0.002224796904113317,55
ENSG00000030304.14,0.0022183398708444766,56
ENSG00000175785.13,0.00216557653489899,57
ENSG00000196616.14,0.0020619929069259054,58
ENSG00000170373.8,0.0019705426757013153,59
ENSG00000133742.14,0.0019476137494387061,60
ENSG00000179520.11,0.0019426028352756493,61
ENSG00000169862.19,0.00194053084976005,62
ENSG00000104267.10,0.001928982324915553,63
ENSG00000137727.12,0.0018951653873250176,64
ENSG00000163347.6,0.0018642375857029084,65
ENSG00000226087.2,0.0018211727471665134,66
ENSG00000171714.12,0.0018087616579437061,67
ENSG00000240498.9,0.001744012558495714,68
ENSG00000092009.10,0.0017035390277230099,69
ENSG00000164530.15,0.0016928441753184644,70
ENSG00000187699.10,0.0016811994012389713,71
ENSG00000163295.5,0.0016736987115066348,72
ENSG00000060718.22,0.0016587729227821103,73
ENSG00000115263.15,0.001651166684057048,74
ENSG00000167916.5,0.0016469841618048178,75
ENSG00000104112.9,0.001645756013246137,76
ENSG00000091138.13,0.0016237696342411559,77
ENSG00000070748.19,0.0016220487509301825,78
ENSG00000036672.16,0.00156819055550291,79
ENSG00000185149.6,0.0015557383766575982,80
ENSG00000071203.9,0.001522456073997512,81
ENSG00000105989.10,0.001506106884202853,82
ENSG00000196660.11,0.0014987310823578073,83
ENSG00000122641.11,0.001440220315520073,84
ENSG00000134201.12,0.0014086921225823896,85
ENSG00000135218.19,0.00139711375943686,86
ENSG00000165197.5,0.0013834851452039943,87
ENSG00000169432.18,0.001349878960565736,88
ENSG00000245694.10,0.001343890453965479,89
ENSG00000167701.14,0.001342526438201771,90
ENSG00000179915.24,0.001339683410702817,91
ENSG00000248144.6,0.0013334841441924891,92
ENSG00000178773.15,0.0013320724126882697,93
ENSG00000101115.13,0.0012935511269982815,94
ENSG00000228742.11,0.0012706642870007206,95
ENSG00000170091.11,0.0012630995953279158,96
ENSG00000168447.11,0.0012619506855294483,97
ENSG00000243064.8,0.001261386997069354,98
ENSG00000134028.14,0.0012476044103701424,99
ENSG00000137872.17,0.0012346486480984899,100
ENSG00000138669.9,0.0012284811609183164,101
ENSG00000151623.15,0.0012210128244722653,102
ENSG00000145287.11,0.0012170707343749218,103
ENSG00000270403.1,0.0012129193929349721,104
ENSG00000109132.7,0.0012059979986751737,105
ENSG00000118777.12,0.001195959745832244,106
ENSG00000160191.18,0.001180327397434382,107
ENSG00000165462.5,0.0011638113236639028,108
ENSG00000110887.8,0.0011615711775129042,109
ENSG00000176399.4,0.0011598310494348168,110
ENSG00000171431.4,0.0011549141021460305,111
ENSG00000007306.15,0.0011343737971234438,112
ENSG00000156298.13,0.001088052713339247,113
ENSG00000119919.11,0.0010856844088889988,114
ENSG00000274736.5,0.0010652614952488307,115
ENSG00000166816.15,0.0010540937791655761,116
ENSG00000016602.9,0.0010469080146405453,117
ENSG00000178233.18,0.0010465205448079704,118
ENSG00000034971.17,0.0010444422003819094,119
ENSG00000104332.12,0.001041251736934041,120
ENSG00000167755.15,0.00102569826840861,121
ENSG00000224721.1,0.0010253828818115962,122
ENSG00000153446.16,0.001025162197672318,123
ENSG00000172005.11,0.0010196463756373206,124
ENSG00000162460.7,0.0010102625162309662,125
ENSG00000167434.10,0.0010097213837107727,126
ENSG00000257277.2,0.0010091766219189394,127
ENSG00000170381.14,0.0010020699327138395,128
ENSG00000127951.8,0.0010007601424965175,129
ENSG00000168309.18,0.000998069470389271,130
ENSG00000148483.9,0.0009917225223316055,131
ENSG00000122756.15,0.0009896918016421552,132
ENSG00000242515.5,0.00098115267068952,133
ENSG00000164120.14,0.0009811193267232272,134
ENSG00000139515.6,0.0009795742571738996,135
ENSG00000144339.12,0.000977759047511895,136
ENSG00000206579.9,0.0009761920209260225,137
ENSG00000124205.18,0.0009742063682804836,138
ENSG00000242366.3,0.0009690972889452216,139
ENSG00000082397.17,0.000963239075162697,140
ENSG00000105464.3,0.0009564111443073176,141
ENSG00000147588.7,0.0009538302857294259,142
ENSG00000113594.10,0.0009525154924445314,143
ENSG00000123500.10,0.0009486861587054417,144
ENSG00000133878.9,0.0009415619480133274,145
ENSG00000181418.8,0.0009246276780551745,146
ENSG00000187783.12,0.0009225278389049916,147
ENSG00000214888.3,0.000919335409286991,148
ENSG00000119147.10,0.0009174383060731456,149
ENSG00000198597.9,0.0009158503058527926,150
ENSG00000185269.12,0.0009040006663480352,151
ENSG00000089199.10,0.0009034631505298864,152
ENSG00000228705.2,0.000902832985013492,153
ENSG00000102683.8,0.0009005100356587757,154
ENSG00000064205.10,0.0008996280995712383,155
ENSG00000078596.11,0.0008972115859070464,156
ENSG00000174944.9,0.0008927339497602333,157
ENSG00000104888.10,0.0008828893228512308,158
ENSG00000187824.9,0.0008700307563122556,159
ENSG00000114200.10,0.0008682927303583016,160
ENSG00000120498.14,0.0008599322086428121,161
ENSG00000173237.4,0.0008548078127693036,162
ENSG00000176533.13,0.0008359511542814684,163
ENSG00000103375.11,0.0008316173879941448,164
ENSG00000184434.8,0.0008154960439555752,165
ENSG00000137868.19,0.0008140100406147447,166
ENSG00000172031.7,0.0008070446329651956,167
ENSG00000105894.12,0.0008038938606469811,168
ENSG00000099953.10,0.0007999721537785833,169
ENSG00000165495.16,0.0007890295766210154,170
ENSG00000114455.13,0.00077422282724541,171
ENSG00000088836.14,0.0007734180555945192,172
ENSG00000174992.8,0.0007674163911035376,173
ENSG00000015592.16,0.0007550048095876673,174
ENSG00000227243.3,0.0007540701872249922,175
ENSG00000196260.5,0.0007532685605003106,176
ENSG00000281406.2,0.000751407370622445,177
ENSG00000168060.16,0.0007487348937688008,178
ENSG00000100628.12,0.0007368822419392938,179
ENSG00000137673.9,0.0007367619756143783,180
ENSG00000130055.14,0.0007353266267344639,181
ENSG00000175161.14,0.0007302339545451914,182
ENSG00000165905.18,0.0007293937241678413,183
ENSG00000263961.8,0.0007269844958592594,184
ENSG00000109182.12,0.000719403058837803,185
ENSG00000240204.3,0.0007052567990147914,186
ENSG00000164270.18,0.000692501269738166,187
ENSG00000204936.10,0.0006876590118753284,188
ENSG00000279756.1,0.0006727783526926114,189
ENSG00000116748.21,0.0006726681629384324,190
ENSG00000115507.10,0.000669654369565765,191
ENSG00000172318.5,0.0006671922378455175,192
ENSG00000237686.7,0.0006664174958126217,193
ENSG00000168913.7,0.000654791702077526,194
ENSG00000175356.14,0.0006516053290259874,195
ENSG00000133800.9,0.0006461628210670021,196
ENSG00000018625.15,0.0006424041820789297,197
ENSG00000146469.13,0.0006402877768279403,198
ENSG00000146013.11,0.0006398115096143802,199
ENSG00000131015.5,0.0006327803328877159,200
ENSG00000119121.22,0.000630339841244305,201
ENSG00000139200.14,0.0006293659683598259,202
ENSG00000121871.4,0.0006259525175803533,203
ENSG00000106809.11,0.0006219540958232817,204
ENSG00000162374.18,0.0006215164543588414,205
ENSG00000067840.12,0.0006190477872056759,206
ENSG00000050030.16,0.0006150745391473484,207
ENSG00000205683.11,0.0006113010326856383,208
ENSG00000164932.13,0.0005948885479635022,209
ENSG00000146039.11,0.0005858350753168275,210
ENSG00000180730.5,0.0005837497255172594,211
ENSG00000104892.17,0.0005810285278522742,212
ENSG00000231172.2,0.0005780029854173483,213
ENSG00000254645.2,0.0005738861148845753,214
ENSG00000183690.13,0.0005722432949300026,215
ENSG00000166869.3,0.0005718577109114519,216
ENSG00000204869.8,0.000567656246487204,217
ENSG00000254166.3,0.0005637147130697871,218
ENSG00000165553.4,0.0005616069667973413,219
ENSG00000232679.2,0.0005576175904504742,220
ENSG00000233532.6,0.0005565190313334317,221
ENSG00000105609.17,0.0005564691123315994,222
ENSG00000143196.5,0.0005562302398734516,223
ENSG00000181577.16,0.0005475312528732507,224
ENSG00000169035.12,0.000543423196725959,225
ENSG00000145506.14,0.0005414882089935464,226
ENSG00000169247.14,0.000535371820097646,227
ENSG00000229970.3,0.0005328007148825677,228
ENSG00000144218.19,0.0005309918544535348,229
ENSG00000162670.11,0.0005288512929810367,230
ENSG00000132514.14,0.0005223475865356897,231
ENSG00000236120.7,0.0005125690947291519,232
ENSG00000271216.2,0.0005053197041176297,233
ENSG00000104833.12,0.0005034757652256834,234
ENSG00000108018.15,0.000500665782597456,235
ENSG00000231566.2,0.0004924904854899894,236
ENSG00000173894.11,0.0004892535012024765,237
ENSG00000226306.6,0.0004869259267900098,238
ENSG00000145040.4,0.0004807821816075217,239
ENSG00000196754.13,0.00047701425580992413,240
ENSG00000154175.18,0.00047464758237689885,241
ENSG00000254560.6,0.0004744149288258503,242
ENSG00000236081.1,0.000469634277050521,243
ENSG00000179314.14,0.00046570123606565325,244
ENSG00000128683.14,0.0004643512416148409,245
ENSG00000211445.12,0.0004641370730377679,246
ENSG00000253549.6,0.0004588480616972482,247
ENSG00000166111.10,0.000458516904994469,248
ENSG00000230316.7,0.0004579466709472397,249
ENSG00000154165.5,0.00045566343233184554,250
ENSG00000239605.11,0.00045300504628979424,251
ENSG00000265489.1,0.0004442025112971522,252
ENSG00000205038.12,0.000436680013748265,253
ENSG00000115363.14,0.0004351931669706405,254
ENSG00000101955.15,0.0004328779672487888,255
ENSG00000226320.6,0.00043116460270813193,256
ENSG00000108244.17,0.00043091238370234576,257
ENSG00000107562.16,0.00042895414694019206,258
ENSG00000176387.7,0.00042798657629850695,259
ENSG00000259485.2,0.0004268141756019011,260
ENSG00000197165.11,0.00042247795350594595,261
ENSG00000176490.5,0.0004185386775797614,262
ENSG00000144290.17,0.0004152589322337027,263
ENSG00000120149.9,0.0004061267051223432,264
ENSG00000105219.10,0.000404686077802036,265
ENSG00000114270.17,0.00040146852360376954,266
ENSG00000145244.12,0.0003986357393652765,267
ENSG00000144619.15,0.0003976984022684569,268
ENSG00000073734.10,0.000396659295262209,269
ENSG00000163687.14,0.00039385079796766043,270
ENSG00000125675.18,0.00039150937769299684,271
ENSG00000169252.6,0.0003912411097002478,272
ENSG00000118432.12,0.0003892766235927262,273
ENSG00000240505.9,0.00038793366781894454,274
ENSG00000137634.10,0.00038789248529568057,275
ENSG00000180660.8,0.00038744629670537376,276
ENSG00000287750.1,0.00037727479403525474,277
ENSG00000198074.10,0.0003763712701707552,278
ENSG00000107159.13,0.0003756417189933269,279
ENSG00000100448.4,0.00037213343839448794,280
ENSG00000172260.15,0.000371459926120511,281
ENSG00000150471.16,0.00037059174225709474,282
ENSG00000151012.13,0.00036832607346207256,283
ENSG00000226476.6,0.00036470755630912293,284
ENSG00000174015.10,0.00036260549642161166,285
ENSG00000132465.12,0.00036204754103633986,286
ENSG00000154975.14,0.0003583289920629043,287
ENSG00000151388.11,0.0003568535803056699,288
ENSG00000117115.13,0.00035529609701021557,289
ENSG00000166391.15,0.0003543967628489263,290
ENSG00000111863.13,0.000353392211694341,291
ENSG00000158055.16,0.0003502200054251609,292
ENSG00000092051.17,0.0003480744876639549,293
ENSG00000166920.13,0.0003427223665089031,294
ENSG00000213468.7,0.00034238015403629304,295
ENSG00000064787.13,0.0003422396818912894,296
ENSG00000092421.17,0.00034081973834677973,297
ENSG00000105696.9,0.00034004550618232937,298
ENSG00000196335.13,0.00033958367139409615,299
ENSG00000099866.15,0.0003372831043067934,300
ENSG00000182050.13,0.0003353029297853466,301
ENSG00000135406.14,0.00033481128723469915,302
ENSG00000101098.13,0.00033320636586060766,303
ENSG00000073737.17,0.00033255504296283826,304
ENSG00000101605.13,0.0003278859652778008,305
ENSG00000011201.12,0.0003255185210220926,306
ENSG00000078098.14,0.0003240239453067,307
ENSG00000170382.12,0.00032289868463370564,308
ENSG00000162761.14,0.00032034440034906805,309
ENSG00000144063.4,0.0003181052167149553,310
ENSG00000259087.5,0.0003127555232131147,311
ENSG00000287059.1,0.00031210997489773066,312
ENSG00000154721.15,0.0003105691836759943,313
ENSG00000065320.9,0.000308974750290161,314
ENSG00000101938.15,0.00030888071274440753,315
ENSG00000214039.9,0.0003076774391715382,316
ENSG00000125144.14,0.00030765204891610847,317
ENSG00000258987.2,0.0003047065622138573,318
ENSG00000253438.4,0.0002989944104241621,319
ENSG00000137699.17,0.0002989887515649674,320
ENSG00000104415.14,0.0002986263781698789,321
ENSG00000204136.11,0.00029858021571330584,322
ENSG00000269667.2,0.0002959086631101614,323
ENSG00000197587.11,0.0002953362341130018,324
ENSG00000182103.5,0.000294420623503052,325
ENSG00000256518.3,0.00029359498379954833,326
ENSG00000129451.12,0.00029271578668146127,327
ENSG00000168903.9,0.0002910483695307614,328
ENSG00000137745.12,0.00029006649676558414,329
ENSG00000170369.4,0.00028977876790339536,330
ENSG00000170703.15,0.0002891492167422245,331
ENSG00000229404.6,0.0002876586465159744,332
ENSG00000136546.16,0.00028632073490992784,333
ENSG00000262772.2,0.00028474990678565947,334
ENSG00000104371.5,0.0002833251282071308,335
ENSG00000005001.10,0.0002804874724170596,336
ENSG00000262585.1,0.0002793229735651975,337
ENSG00000113396.13,0.0002788884429960699,338
ENSG00000184144.12,0.00027551820606988656,339
ENSG00000183134.5,0.00027508527757676593,340
ENSG00000183248.12,0.00027159201506138456,341
ENSG00000005249.13,0.0002702538024848603,342
ENSG00000251026.2,0.00027019594125333437,343
ENSG00000142875.19,0.00027010745139777626,344
ENSG00000101441.4,0.0002650006845471877,345
ENSG00000189292.16,0.0002641900122114457,346
ENSG00000144648.16,0.00026322992781850787,347
ENSG00000112936.19,0.00026319153865367935,348
ENSG00000287828.1,0.0002563789214502864,349
ENSG00000111981.5,0.0002552933374475395,350
ENSG00000104237.11,0.000254218897680332,351
ENSG00000255650.6,0.00025402512859762393,352
ENSG00000144191.12,0.00025314509012588704,353
ENSG00000249550.7,0.00025268974621853966,354
ENSG00000160801.14,0.0002520430510581039,355
ENSG00000211890.4,0.00024835817149896597,356
ENSG00000250722.6,0.00024502996196410924,357
ENSG00000176641.11,0.00024487208055944473,358
ENSG00000108821.14,0.0002444382481719257,359
ENSG00000138028.16,0.00024076856676228452,360
ENSG00000120875.9,0.00024003976474845683,361
ENSG00000099834.19,0.00023993729566132416,362
ENSG00000022267.19,0.00023631254467044316,363
ENSG00000198125.13,0.00023381462226122648,364
ENSG00000100867.15,0.00023331905841042649,365
ENSG00000286848.1,0.00023309815773429643,366
ENSG00000184292.7,0.00023096576096727037,367
ENSG00000029559.7,0.00023078127166625449,368
ENSG00000147883.12,0.00023041375971940073,369
ENSG00000236452.1,0.00022959754559499792,370
ENSG00000172159.16,0.0002295570599163738,371
ENSG00000171819.5,0.00022826947656300072,372
ENSG00000018236.15,0.00022825640462251323,373
ENSG00000183914.14,0.0002274528539192986,374
ENSG00000128482.16,0.00022665632560657116,375
ENSG00000179546.4,0.00022522093074192983,376
ENSG00000145384.4,0.00022463733119403503,377
ENSG00000117472.10,0.00022371243502453727,378
ENSG00000197766.8,0.00022296546662695769,379
ENSG00000173391.9,0.00022254679225154264,380
ENSG00000082293.13,0.00022247766435547117,381
ENSG00000165816.13,0.00022241972200745443,382
ENSG00000156284.6,0.00022194192269126968,383
ENSG00000168229.4,0.00022128591016385235,384
ENSG00000165188.13,0.00022100950270318817,385
ENSG00000128040.11,0.00021901174013601326,386
ENSG00000095752.7,0.00021690654001531878,387
ENSG00000100625.9,0.00021664378759005665,388
ENSG00000138615.6,0.00021663653260731486,389
ENSG00000122585.8,0.00021623145906159364,390
ENSG00000198624.13,0.00021550980026183633,391
ENSG00000253414.3,0.0002150748201189172,392
ENSG00000249948.6,0.00021479852199081221,393
ENSG00000185479.6,0.00021459090155113154,394
ENSG00000135220.11,0.00021334818490476717,395
ENSG00000153993.13,0.00021320698456007961,396
ENSG00000223573.7,0.00021208711181839346,397
ENSG00000274080.1,0.00020880421278418785,398
ENSG00000145681.11,0.00020828592412884599,399
ENSG00000171916.17,0.0002080144022557759,400
ENSG00000174939.11,0.00020715046857619534,401
ENSG00000148848.14,0.0002062685113440475,402
ENSG00000234602.9,0.00020565455121064304,403
ENSG00000092607.15,0.00020541225064356193,404
ENSG00000167654.18,0.00020185470115994568,405
ENSG00000176842.15,0.0002008357522292399,406
ENSG00000142408.6,0.000200701130079503,407
ENSG00000162992.4,0.0001981368729190398,408
ENSG00000224099.2,0.00019780882233851865,409
ENSG00000272463.1,0.00019698434395933937,410
ENSG00000271824.2,0.00019641668124820554,411
ENSG00000169313.10,0.00019628004241986134,412
ENSG00000088992.18,0.0001961236296619817,413
ENSG00000154645.14,0.00019483302486582245,414
ENSG00000129455.15,0.00019476288861486194,415
ENSG00000247381.3,0.00019449478006332768,416
ENSG00000188064.10,0.00019184248513699743,417
ENSG00000181652.19,0.0001911775522137135,418
ENSG00000184113.9,0.0001907481245283694,419
ENSG00000126950.8,0.00019052780229741054,420
ENSG00000286042.1,0.00019043860084606707,421
ENSG00000122133.17,0.0001887945439821564,422
ENSG00000231246.2,0.00018798169011702918,423
ENSG00000271447.6,0.00018703442323466047,424
ENSG00000066468.23,0.00018513246256901235,425
ENSG00000145362.20,0.0001830213771953157,426
ENSG00000204542.3,0.00018248141502969647,427
ENSG00000188848.16,0.00018150858251286467,428
ENSG00000254726.3,0.00018104828137195943,429
ENSG00000138769.11,0.00018078735335888907,430
ENSG00000105664.11,0.00017985561251728318,431
ENSG00000135678.12,0.00017891175634779334,432
ENSG00000183476.12,0.00017883774139612835,433
ENSG00000163710.9,0.00017835118107982723,434
ENSG00000166501.14,0.0001777956932189462,435
ENSG00000099139.14,0.0001776808665034496,436
ENSG00000157766.19,0.0001772089617032332,437
ENSG00000134121.10,0.0001762811815566259,438
ENSG00000132872.12,0.00017526566973182514,439
ENSG00000173175.15,0.0001751949593071458,440
ENSG00000090659.18,0.0001746827105267738,441
ENSG00000068976.14,0.00017303204194118768,442
ENSG00000181085.15,0.0001728862750550472,443
ENSG00000255085.8,0.00017160517335010008,444
ENSG00000043355.12,0.00017156068224626536,445
ENSG00000120057.5,0.00017110402276409553,446
ENSG00000116194.13,0.00016990875461704312,447
ENSG00000205364.4,0.0001698891225830773,448
ENSG00000230838.1,0.00016962485622081127,449
ENSG00000260573.4,0.00016883873460100566,450
ENSG00000013293.6,0.00016838548810091993,451
ENSG00000184811.4,0.00016824306063156853,452
ENSG00000258077.2,0.00016823168667354796,453
ENSG00000258919.1,0.00016795670116600826,454
ENSG00000184347.15,0.00016730334576143011,455
ENSG00000230061.2,0.00016683167033296033,456
ENSG00000265519.1,0.0001664172160930626,457
ENSG00000163145.13,0.00016545758005068284,458
ENSG00000166510.14,0.00016433720393750346,459
ENSG00000198535.5,0.00016418684835941508,460
ENSG00000235026.6,0.0001641422518218805,461
ENSG00000267073.1,0.00016016750362633173,462
ENSG00000238042.5,0.00015974213749131002,463
ENSG00000118785.14,0.00015935600567394865,464
ENSG00000086696.11,0.00015789810660753827,465
ENSG00000148734.8,0.00015742771628606344,466
ENSG00000128610.12,0.0001560584639476123,467
ENSG00000183734.4,0.00015490583104083155,468
ENSG00000261650.1,0.00015444632644847476,469
ENSG00000175497.17,0.00015439329298601906,470
ENSG00000135333.14,0.00015372014490597064,471
ENSG00000113303.12,0.0001535868623806808,472
ENSG00000137571.11,0.00015327076831039643,473
ENSG00000139910.20,0.0001528072109331832,474
ENSG00000105784.15,0.0001525790281318777,475
ENSG00000280219.1,0.00015256823577674728,476
ENSG00000132639.13,0.00015254743508719205,477
ENSG00000171243.8,0.00015254282849444317,478
ENSG00000205221.12,0.0001516427774396449,479
ENSG00000170323.9,0.00014948963800038017,480
ENSG00000236751.2,0.00014872833007106387,481
ENSG00000039987.7,0.00014854808862571628,482
ENSG00000141574.8,0.00014717866013808073,483
ENSG00000248309.7,0.00014580933607729043,484
ENSG00000203446.2,0.00014466007235681286,485
ENSG00000176928.7,0.00014351512311876546,486
ENSG00000260604.2,0.00014343132037829173,487
ENSG00000250320.6,0.00014272068670850336,488
ENSG00000261327.5,0.0001423529202770982,489
ENSG00000159307.19,0.00014184836578124598,490
ENSG00000233695.2,0.0001414669102344338,491
ENSG00000151632.17,0.00014090119988080968,492
ENSG00000248329.6,0.00014016997577207533,493
ENSG00000169347.17,0.00014006633162220162,494
ENSG00000211895.5,0.00013992464633794636,495
ENSG00000156687.11,0.0001394772644915475,496
ENSG00000015413.9,0.00013933682907277473,497
ENSG00000170454.6,0.00013896212000269852,498
ENSG00000150625.16,0.00013771322198355955,499
ENSG00000227619.3,0.0001376159375187606,500
ENSG00000130643.9,0.0001374529464246177,501
ENSG00000274979.1,0.0001370498843367716,502
ENSG00000263745.7,0.00013677917730448426,503
ENSG00000223485.4,0.0001364217607019598,504
ENSG00000008300.17,0.0001363496999434571,505
ENSG00000065609.14,0.0001359188934345951,506
ENSG00000249162.1,0.00013568535046484047,507
ENSG00000131746.13,0.00013381249153879014,508
ENSG00000100321.15,0.00013379487709667213,509
ENSG00000118308.15,0.0001333913355565278,510
ENSG00000237361.3,0.0001326153221432501,511
ENSG00000154080.14,0.00013199222147945068,512
ENSG00000144834.14,0.00013186555460478015,513
ENSG00000189433.7,0.00013093939534792953,514
ENSG00000133083.15,0.00013080208372922376,515
ENSG00000198417.7,0.00013079319800269592,516
ENSG00000125255.7,0.00013079033446632612,517
ENSG00000102287.19,0.00013073621838057526,518
ENSG00000179277.9,0.00013019726999321195,519
ENSG00000160862.13,0.00013013637123303223,520
ENSG00000106278.12,0.00012975759852199521,521
ENSG00000101144.13,0.00012816796123252784,522
ENSG00000182747.5,0.000126977203112351,523
ENSG00000230234.1,0.00012688287480265526,524
ENSG00000078549.15,0.00012664152220135633,525
ENSG00000153253.19,0.00012656482008411083,526
ENSG00000168065.16,0.0001265386240173959,527
ENSG00000187140.6,0.00012612853833289943,528
ENSG00000106327.13,0.00012561896559114822,529
ENSG00000122025.15,0.00012560207897423475,530
ENSG00000143882.12,0.00012526545817416823,531
ENSG00000087258.16,0.00012513264453474718,532
ENSG00000149575.9,0.00012456761032275969,533
ENSG00000133169.6,0.0001243012582112591,534
ENSG00000259225.7,0.00012384225423772743,535
ENSG00000139117.14,0.00012350380038831505,536
ENSG00000154262.13,0.00012260181667655927,537
ENSG00000232803.1,0.00012228363973553895,538
ENSG00000249453.1,0.0001220749771014028,539
ENSG00000249937.8,0.00012186597781867838,540
ENSG00000261787.2,0.00012181839434578338,541
ENSG00000171303.7,0.00012164172233417665,542
ENSG00000232237.3,0.00012160392422133237,543
ENSG00000096088.16,0.00012067207640541502,544
ENSG00000225328.2,0.00012066212744438837,545
ENSG00000184828.10,0.00012049828980245865,546
ENSG00000276855.1,0.00012006133075732228,547
ENSG00000163499.12,0.00011866078137158189,548
ENSG00000152092.16,0.00011850608935930258,549
ENSG00000233041.8,0.00011746030424507105,550
ENSG00000019102.12,0.00011648692939056667,551
ENSG00000223749.11,0.00011646034536615616,552
ENSG00000137809.17,0.00011561754387381278,553
ENSG00000140807.7,0.00011557586912444744,554
ENSG00000183960.9,0.00011484999739350143,555
ENSG00000164176.13,0.00011384634732833632,556
ENSG00000128422.17,0.00011360077454758243,557
ENSG00000165966.16,0.000113343382331525,558
ENSG00000150627.16,0.00011310913044529845,559
ENSG00000130294.17,0.00011299201461249808,560
ENSG00000048462.11,0.00011235451430222008,561
ENSG00000071991.9,0.00011198882538880065,562
ENSG00000162849.16,0.00011159396848483177,563
ENSG00000102010.15,0.00011139265158990269,564
ENSG00000204271.13,0.0001110464204302285,565
ENSG00000137203.15,0.00011096126734838159,566
ENSG00000185842.15,0.00010969034468275124,567
ENSG00000183145.9,0.00010965990303882657,568
ENSG00000168280.18,0.00010965419991283377,569
ENSG00000173597.9,0.00010944692100511025,570
ENSG00000115665.9,0.00010890854755854471,571
ENSG00000156959.9,0.0001088919770818529,572
ENSG00000229950.1,0.00010863798232332835,573
ENSG00000164122.9,0.00010832691733485549,574
ENSG00000163586.10,0.00010821673201173513,575
ENSG00000259823.6,0.00010784288358771027,576
ENSG00000287338.1,0.00010771610313874862,577
ENSG00000168505.7,0.00010769634393506724,578
ENSG00000213088.12,0.00010760124453223074,579
ENSG00000167741.11,0.00010669614416014816,580
ENSG00000262768.2,0.00010667102311146994,581
ENSG00000277586.4,0.00010621517120146003,582
ENSG00000260230.5,0.00010534330942180096,583
ENSG00000077942.19,0.00010489898313012009,584
ENSG00000148702.15,0.00010466538056784296,585
ENSG00000121904.17,0.00010432945097769992,586
ENSG00000225614.4,0.00010376902101377438,587
ENSG00000103184.12,0.0001033343935795719,588
ENSG00000273079.6,0.00010250758145880825,589
ENSG00000133328.4,0.00010230423031447164,590
ENSG00000185760.17,0.00010228655299918054,591
ENSG00000215218.4,0.00010190554994912183,592
ENSG00000135298.14,0.00010165682055319168,593
ENSG00000224321.1,0.00010142152597843223,594
ENSG00000276644.5,0.00010002261123028152,595
ENSG00000009950.16,9.987234656044302e-05,596
ENSG00000159708.18,9.940068380658315e-05,597
ENSG00000100302.7,9.932304887250875e-05,598
ENSG00000102409.10,9.791412113937671e-05,599
ENSG00000042832.12,9.788284343445221e-05,600
ENSG00000198910.14,9.758996115418092e-05,601
ENSG00000259417.3,9.749066955622314e-05,602
ENSG00000211650.2,9.734565943802835e-05,603
ENSG00000198610.11,9.69886216762801e-05,604
ENSG00000275216.2,9.6888273959902e-05,605
ENSG00000178031.17,9.681796834409105e-05,606
ENSG00000138152.10,9.663764183473762e-05,607
ENSG00000197506.8,9.639509115790772e-05,608
ENSG00000225680.1,9.552019434867884e-05,609
ENSG00000168477.19,9.512575376048156e-05,610
ENSG00000148357.16,9.51050014725054e-05,611
ENSG00000146352.13,9.443059319447367e-05,612
ENSG00000196611.5,9.334946169016921e-05,613
ENSG00000100665.12,9.30697112074824e-05,614
ENSG00000003096.14,9.292986629916864e-05,615
ENSG00000174403.16,9.287472361863243e-05,616
ENSG00000224189.8,9.250505511662205e-05,617
ENSG00000173557.15,9.15707271616523e-05,618
ENSG00000197992.7,9.155981864591421e-05,619
ENSG00000179934.7,9.078108927018952e-05,620
ENSG00000214575.9,9.074012540132823e-05,621
ENSG00000149968.12,9.001497596726379e-05,622
ENSG00000072041.17,8.962257392608078e-05,623
ENSG00000102359.8,8.945781774001766e-05,624
ENSG00000182912.6,8.942005969346368e-05,625
ENSG00000151650.8,8.900081724275476e-05,626
ENSG00000004776.13,8.873314278050135e-05,627
ENSG00000155918.8,8.867865687972271e-05,628
ENSG00000102383.14,8.85792726211644e-05,629
ENSG00000132031.13,8.805208908384503e-05,630
ENSG00000196196.3,8.784050905412084e-05,631
ENSG00000064218.5,8.759551397151543e-05,632
ENSG00000205293.5,8.728763179000025e-05,633
ENSG00000198807.13,8.704374907075825e-05,634
ENSG00000285517.1,8.678832539222714e-05,635
ENSG00000164398.15,8.655330922039612e-05,636
ENSG00000083782.8,8.625275931334484e-05,637
ENSG00000237515.9,8.624189588705587e-05,638
ENSG00000130829.18,8.598697594041446e-05,639
ENSG00000124939.6,8.512249495351077e-05,640
ENSG00000141434.12,8.448277668160996e-05,641
ENSG00000233215.6,8.376088264678246e-05,642
ENSG00000178462.12,8.373547798824398e-05,643
ENSG00000167080.9,8.362278591771854e-05,644
ENSG00000287171.1,8.335033627162318e-05,645
ENSG00000168356.13,8.260712487112154e-05,646
ENSG00000211668.2,8.260373002745114e-05,647
ENSG00000182492.16,8.229915052068742e-05,648
ENSG00000253746.1,8.217615905321313e-05,649
ENSG00000151882.11,8.183131537348753e-05,650
ENSG00000227210.2,8.173307329509905e-05,651
ENSG00000179148.10,8.147052961814353e-05,652
ENSG00000154277.13,8.137971283568754e-05,653
ENSG00000117707.16,8.128261446710594e-05,654
ENSG00000116176.6,8.116076205489307e-05,655
ENSG00000232756.1,8.107056994398168e-05,656
ENSG00000198488.10,8.083434117527926e-05,657
ENSG00000265194.1,8.038312341712777e-05,658
ENSG00000137441.8,8.036312028167942e-05,659
ENSG00000164692.18,8.016331514123267e-05,660
ENSG00000159167.12,8.01058126067976e-05,661
ENSG00000134343.14,8.007065634736057e-05,662
ENSG00000140297.13,8.003268729804464e-05,663
ENSG00000196104.11,7.973873921063979e-05,664
ENSG00000064655.19,7.9583945503774e-05,665
ENSG00000172410.4,7.943639869072692e-05,666
ENSG00000204876.4,7.918944984342174e-05,667
ENSG00000137877.10,7.904682037019124e-05,668
ENSG00000100146.18,7.897058715171162e-05,669
ENSG00000179674.4,7.896522057819295e-05,670
ENSG00000198759.12,7.893874969026039e-05,671
ENSG00000182175.14,7.893058830616231e-05,672
ENSG00000064300.9,7.862260922101826e-05,673
ENSG00000163873.10,7.833711493661051e-05,674
ENSG00000101104.13,7.804773475433481e-05,675
ENSG00000100626.17,7.788405767520534e-05,676
ENSG00000134769.21,7.785060194326041e-05,677
ENSG00000267432.6,7.783188066802977e-05,678
ENSG00000185008.17,7.769238081191733e-05,679
ENSG00000053328.8,7.764821869757547e-05,680
ENSG00000163032.12,7.743194778767405e-05,681
ENSG00000131951.11,7.711014267115144e-05,682
ENSG00000157851.17,7.703786978425527e-05,683
ENSG00000160183.17,7.694118174718675e-05,684
ENSG00000188641.14,7.67440362263612e-05,685
ENSG00000188175.10,7.595556122812769e-05,686
ENSG00000167117.10,7.590605220155534e-05,687
ENSG00000180332.6,7.586276852259655e-05,688
ENSG00000165496.5,7.583066883118572e-05,689
ENSG00000164220.7,7.577868328462953e-05,690
ENSG00000262979.1,7.571631016642244e-05,691
ENSG00000185985.11,7.545777028892484e-05,692
ENSG00000212993.5,7.541987437962054e-05,693
ENSG00000156113.24,7.535642696053064e-05,694
ENSG00000215784.6,7.462855476716082e-05,695
ENSG00000101746.15,7.46095191701679e-05,696
ENSG00000099864.18,7.439708769362242e-05,697
ENSG00000206069.6,7.352187899703005e-05,698
ENSG00000204933.3,7.321739259507535e-05,699
ENSG00000205795.4,7.310807496092075e-05,700
ENSG00000184185.10,7.306679139932439e-05,701
ENSG00000132854.19,7.298553460134464e-05,702
ENSG00000141505.12,7.289459838158164e-05,703
ENSG00000146090.16,7.246551038151744e-05,704
ENSG00000183091.19,7.244933976060597e-05,705
ENSG00000204872.4,7.23233121344285e-05,706
ENSG00000287315.1,7.199329793256604e-05,707
ENSG00000088002.12,7.177900176860476e-05,708
ENSG00000132563.16,7.177498519967552e-05,709
ENSG00000155850.8,7.176725991250109e-05,710
ENSG00000087116.16,7.134690055336428e-05,711
ENSG00000125657.5,7.129807706368813e-05,712
ENSG00000175592.9,7.09879856009908e-05,713
ENSG00000286486.1,7.094632341357887e-05,714
ENSG00000253616.5,7.08976191303848e-05,715
ENSG00000198542.14,7.079877959907995e-05,716
ENSG00000237978.6,7.049915297496294e-05,717
ENSG00000177675.9,7.047527682715188e-05,718
ENSG00000196711.9,6.964368668342717e-05,719
ENSG00000268388.6,6.94130671584811e-05,720
ENSG00000162004.18,6.936104129546316e-05,721
ENSG00000198521.12,6.932313665754686e-05,722
ENSG00000144451.19,6.932278428021617e-05,723
ENSG00000164778.4,6.931409826989558e-05,724
ENSG00000130226.17,6.889086898224898e-05,725
ENSG00000069535.14,6.882391593303829e-05,726
ENSG00000206195.11,6.838831558823329e-05,727
ENSG00000260284.1,6.83247495881103e-05,728
ENSG00000107295.10,6.80485720523216e-05,729
ENSG00000129990.15,6.741603122763084e-05,730
ENSG00000164929.17,6.74108462245841e-05,731
ENSG00000166866.13,6.689196884485481e-05,732
ENSG00000113739.10,6.649739842402847e-05,733
ENSG00000168824.14,6.592968880475466e-05,734
ENSG00000111799.21,6.542038841964315e-05,735
ENSG00000204710.2,6.538447842523103e-05,736
ENSG00000258867.6,6.53558095326503e-05,737
ENSG00000144810.16,6.531676277012107e-05,738
ENSG00000257588.1,6.502570810427616e-05,739
ENSG00000129167.9,6.490559803359011e-05,740
ENSG00000128564.7,6.488638245392166e-05,741
ENSG00000155816.20,6.464417499675062e-05,742
ENSG00000259807.2,6.444224911245362e-05,743
ENSG00000108309.14,6.433072468372524e-05,744
ENSG00000140835.10,6.419276983177085e-05,745
ENSG00000197629.6,6.416106597490589e-05,746
ENSG00000103647.13,6.411236999132172e-05,747
ENSG00000172689.2,6.39551809357e-05,748
ENSG00000165457.14,6.392191343372319e-05,749
ENSG00000177103.15,6.298001730448191e-05,750
ENSG00000118729.12,6.295353392895147e-05,751
ENSG00000178776.5,6.260278141511875e-05,752
ENSG00000203805.11,6.257070855509107e-05,753
ENSG00000173320.12,6.218117799578621e-05,754
ENSG00000224607.4,6.21106636829471e-05,755
ENSG00000249306.6,6.203115760022163e-05,756
ENSG00000102466.16,6.193213813279703e-05,757
ENSG00000132915.11,6.190335955808209e-05,758
ENSG00000162896.6,6.156383193020198e-05,759
ENSG00000081277.13,6.141951877333213e-05,760
ENSG00000183230.17,6.129668242977681e-05,761
ENSG00000185905.4,6.0805754480035154e-05,762
ENSG00000177133.11,6.06016929511848e-05,763
ENSG00000163083.6,6.0543176317441495e-05,764
ENSG00000159409.15,6.046951889889221e-05,765
ENSG00000183549.10,6.041911147990979e-05,766
ENSG00000166165.13,6.041209207972072e-05,767
ENSG00000151892.15,6.035187411123337e-05,768
ENSG00000231881.2,5.994195516140259e-05,769
ENSG00000172828.13,5.958822466987217e-05,770
ENSG00000279806.1,5.9586475401484247e-05,771
ENSG00000105369.10,5.943340710974963e-05,772
ENSG00000134827.8,5.9368324584101524e-05,773
ENSG00000152926.15,5.9092846937607885e-05,774
ENSG00000101680.15,5.908362004928485e-05,775
ENSG00000125148.7,5.907172303215841e-05,776
ENSG00000163618.18,5.904786976674212e-05,777
ENSG00000174171.6,5.897426111253094e-05,778
ENSG00000280409.1,5.87679047919015e-05,779
ENSG00000258227.7,5.8595072793203144e-05,780
ENSG00000165548.11,5.845460766924634e-05,781
ENSG00000149380.12,5.843646555033075e-05,782
ENSG00000223392.1,5.841924586211523e-05,783
ENSG00000125895.5,5.8327584607208284e-05,784
ENSG00000258404.1,5.802130233128319e-05,785
ENSG00000120885.22,5.789998227612484e-05,786
ENSG00000124253.11,5.783437895868283e-05,787
ENSG00000280693.2,5.7485163346363416e-05,788
ENSG00000244300.3,5.744199440381794e-05,789
ENSG00000230356.1,5.743311754946129e-05,790
ENSG00000244575.3,5.7392248347574604e-05,791
ENSG00000244355.7,5.69048093222363e-05,792
ENSG00000287569.1,5.680257130040504e-05,793
ENSG00000172572.7,5.630659824733542e-05,794
ENSG00000213630.3,5.62633210448197e-05,795
ENSG00000185046.18,5.625440508560366e-05,796
ENSG00000287342.1,5.624822283126696e-05,797
ENSG00000113327.17,5.6240420209026385e-05,798
ENSG00000143340.6,5.6130857695559296e-05,799
ENSG00000169604.20,5.609867942381984e-05,800
ENSG00000181778.5,5.577671186655071e-05,801
ENSG00000204335.4,5.5770195475159533e-05,802
ENSG00000148680.16,5.57380775966829e-05,803
ENSG00000115556.14,5.568124315466125e-05,804
ENSG00000111796.4,5.535101115142786e-05,805
ENSG00000131471.7,5.521917423259809e-05,806
ENSG00000267505.1,5.503734534933844e-05,807
ENSG00000101958.14,5.494197370827439e-05,808
ENSG00000138944.8,5.4710764353913946e-05,809
ENSG00000185332.8,5.4623631862756896e-05,810
ENSG00000197565.16,5.455456850726507e-05,811
ENSG00000128510.12,5.437719624167562e-05,812
ENSG00000198300.14,5.4128725950689984e-05,813
ENSG00000245648.2,5.392797503496895e-05,814
ENSG00000188293.6,5.37275001880159e-05,815
ENSG00000017483.15,5.3653903719664914e-05,816
ENSG00000139540.12,5.363319664156664e-05,817
ENSG00000104899.8,5.360431361939239e-05,818
ENSG00000156968.9,5.3592385279534314e-05,819
ENSG00000154330.13,5.356613298130195e-05,820
ENSG00000115008.6,5.349503442134597e-05,821
ENSG00000186265.10,5.343277653899907e-05,822
ENSG00000184937.16,5.333623681076493e-05,823
ENSG00000141431.12,5.325133896677681e-05,824
ENSG00000161649.13,5.299605466397495e-05,825
ENSG00000164161.10,5.265432149978291e-05,826
ENSG00000234828.9,5.25540241678924e-05,827
ENSG00000130595.19,5.252026863215289e-05,828
ENSG00000128645.15,5.2388276277172066e-05,829
ENSG00000168646.13,5.237537223595351e-05,830
ENSG00000171227.7,5.225183031838051e-05,831
ENSG00000177238.14,5.223547629192032e-05,832
ENSG00000285280.2,5.215549773378515e-05,833
ENSG00000189410.12,5.1643531078713084e-05,834
ENSG00000124731.13,5.156581812438855e-05,835
ENSG00000135374.11,5.1524784610548356e-05,836
ENSG00000286266.1,5.126977648818556e-05,837
ENSG00000156966.7,5.10731425982816e-05,838
ENSG00000095110.8,5.0923457877846214e-05,839
ENSG00000139219.19,5.042511220577114e-05,840
ENSG00000101194.18,5.022372888825212e-05,841
ENSG00000048540.15,5.018977687877102e-05,842
ENSG00000243063.1,5.017916465791162e-05,843
ENSG00000188730.5,5.011308947512939e-05,844
ENSG00000164946.20,5.0111579221509055e-05,845
ENSG00000204099.12,5.002561948713446e-05,846
ENSG00000166035.11,5.0007670797768905e-05,847
ENSG00000197085.11,5.000671834322212e-05,848
ENSG00000198650.11,4.9769820001168364e-05,849
ENSG00000151790.9,4.949768403035419e-05,850
ENSG00000002746.15,4.926393071085139e-05,851
ENSG00000088340.17,4.9089812803944e-05,852
ENSG00000188783.6,4.906560034041058e-05,853
ENSG00000116132.12,4.8977414037326114e-05,854
ENSG00000171060.11,4.859939155013465e-05,855
ENSG00000158270.12,4.846096948997596e-05,856
ENSG00000106483.12,4.8247711797673273e-05,857
ENSG00000173467.9,4.818110908993024e-05,858
ENSG00000165376.11,4.814705428828067e-05,859
ENSG00000074276.10,4.8094239234751655e-05,860
ENSG00000173267.14,4.79952753360559e-05,861
ENSG00000162520.15,4.797525666764447e-05,862
ENSG00000272872.1,4.797110444453743e-05,863
ENSG00000112964.14,4.7909572241364955e-05,864
ENSG00000109819.9,4.787520379245538e-05,865
ENSG00000169174.11,4.77096319938925e-05,866
ENSG00000158125.10,4.766564627037847e-05,867
ENSG00000127074.15,4.760486587337247e-05,868
ENSG00000204424.10,4.746089422277471e-05,869
ENSG00000275395.6,4.7236440008247414e-05,870
ENSG00000169760.17,4.723169258923515e-05,871
ENSG00000183638.6,4.712217957729783e-05,872
ENSG00000143416.21,4.69073810687799e-05,873
ENSG00000146938.16,4.6737981247018904e-05,874
ENSG00000112238.12,4.635499970832649e-05,875
ENSG00000286346.1,4.6280424149838127e-05,876
ENSG00000165023.7,4.622339939237483e-05,877
ENSG00000178752.16,4.59334510547342e-05,878
ENSG00000184905.9,4.588523603342485e-05,879
ENSG00000112562.19,4.570544823729151e-05,880
ENSG00000178084.2,4.560287537303912e-05,881
ENSG00000111700.13,4.553276248224535e-05,882
ENSG00000121743.4,4.5397648836861943e-05,883
ENSG00000251292.1,4.5216578330571125e-05,884
ENSG00000182916.8,4.453299147615108e-05,885
ENSG00000127083.7,4.450775079205184e-05,886
ENSG00000088827.12,4.443822822799659e-05,887
ENSG00000009694.13,4.4234968828543375e-05,888
ENSG00000144891.18,4.406357484818554e-05,889
ENSG00000160307.10,4.4062359745415754e-05,890
ENSG00000127588.5,4.405812208368297e-05,891
ENSG00000007216.15,4.393777415151337e-05,892
ENSG00000004846.16,4.371310889058744e-05,893
ENSG00000145198.14,4.363720235989642e-05,894
ENSG00000141469.18,4.362188491915174e-05,895
ENSG00000129991.13,4.333177480007726e-05,896
ENSG00000108700.5,4.314539974090397e-05,897
ENSG00000215417.13,4.308978716351087e-05,898
ENSG00000259834.1,4.308531097017589e-05,899
ENSG00000078900.15,4.305727774592228e-05,900
ENSG00000259459.6,4.296942102281161e-05,901
ENSG00000164488.12,4.2967014781106695e-05,902
ENSG00000151079.7,4.2966416557208454e-05,903
ENSG00000063015.20,4.291725673017936e-05,904
ENSG00000065534.19,4.2795940888491196e-05,905
ENSG00000187398.12,4.279331007904339e-05,906
ENSG00000170298.15,4.2788267616380815e-05,907
ENSG00000204866.8,4.275218256118424e-05,908
ENSG00000135773.13,4.271929480122298e-05,909
ENSG00000006071.15,4.2553488443422634e-05,910
ENSG00000226453.2,4.248119218254087e-05,911
ENSG00000183778.17,4.2433025780694594e-05,912
ENSG00000211647.1,4.2421945161518244e-05,913
ENSG00000243944.5,4.229305553517927e-05,914
ENSG00000196739.15,4.221729039646672e-05,915
ENSG00000153902.14,4.219506856445839e-05,916
ENSG00000126861.5,4.207361002012777e-05,917
ENSG00000157551.19,4.206819798635636e-05,918
ENSG00000188153.14,4.2057076849263316e-05,919
ENSG00000248211.1,4.204955571015666e-05,920
ENSG00000226416.1,4.203013477410834e-05,921
ENSG00000211949.3,4.1978056625326644e-05,922
ENSG00000171951.5,4.185804815668207e-05,923
ENSG00000154258.17,4.15123771393505e-05,924
ENSG00000165092.13,4.136140377959025e-05,925
ENSG00000088726.16,4.131517029211466e-05,926
ENSG00000136842.14,4.128822492921202e-05,927
ENSG00000259342.1,4.0968521092357725e-05,928
ENSG00000166206.15,4.0930552711220545e-05,929
ENSG00000125872.8,4.0871936713196906e-05,930
ENSG00000211941.3,4.075458365621535e-05,931
ENSG00000203859.10,4.0747729363476016e-05,932
ENSG00000232855.7,4.067028611350857e-05,933
ENSG00000149654.11,4.066740932774303e-05,934
ENSG00000186340.16,4.0644772083563274e-05,935
ENSG00000007312.13,4.0625470262261476e-05,936
ENSG00000196263.8,4.0614429303669546e-05,937
ENSG00000235092.6,4.043908974864548e-05,938
ENSG00000166183.16,4.0407496475399815e-05,939
ENSG00000127863.16,4.0353656841704106e-05,940
ENSG00000168081.9,4.034171646743093e-05,941
ENSG00000110777.12,4.033219327735585e-05,942
ENSG00000188833.10,4.024424677157633e-05,943
ENSG00000181007.9,4.021832470417425e-05,944
ENSG00000270372.1,4.018209266055101e-05,945
ENSG00000255639.3,4.008309192838198e-05,946
ENSG00000189280.3,3.9922836897764415e-05,947
ENSG00000135447.17,3.9854389838808134e-05,948
ENSG00000206075.14,3.983894661357651e-05,949
ENSG00000198643.7,3.966112148358174e-05,950
ENSG00000241224.8,3.963075845409174e-05,951
ENSG00000212232.1,3.959547597695429e-05,952
ENSG00000246228.6,3.954139354295287e-05,953
ENSG00000168405.17,3.950387475810832e-05,954
ENSG00000185105.5,3.939435694376536e-05,955
ENSG00000171126.8,3.9388655854115764e-05,956
ENSG00000162344.4,3.9381582902269104e-05,957
ENSG00000047457.14,3.9362383332547806e-05,958
ENSG00000102109.9,3.917565871898869e-05,959
ENSG00000166482.12,3.9159702794842066e-05,960
ENSG00000106034.18,3.9089803228541755e-05,961
ENSG00000167800.9,3.90701818313284e-05,962
ENSG00000189056.14,3.9006001897559196e-05,963
ENSG00000170500.13,3.8906862053098484e-05,964
ENSG00000214652.6,3.882273125455294e-05,965
ENSG00000255624.3,3.879526375983229e-05,966
ENSG00000049192.15,3.876885732850917e-05,967
ENSG00000189377.9,3.8641945909361457e-05,968
ENSG00000162951.11,3.8612171541749205e-05,969
ENSG00000250230.3,3.8604931910630903e-05,970
ENSG00000172927.8,3.8590452416416486e-05,971
ENSG00000172935.9,3.858384585445626e-05,972
ENSG00000156006.5,3.854017493391354e-05,973
ENSG00000125363.14,3.8537253036361104e-05,974
ENSG00000133134.12,3.85282035948237e-05,975
ENSG00000143167.12,3.850595247479774e-05,976
ENSG00000153956.16,3.8432448196180575e-05,977
ENSG00000256988.2,3.83652592982381e-05,978
ENSG00000196890.4,3.835465799559531e-05,979
ENSG00000232445.2,3.8314715444269e-05,980
ENSG00000141639.12,3.830948666861729e-05,981
ENSG00000258986.7,3.8294103359520375e-05,982
ENSG00000168542.16,3.8199456098727794e-05,983
ENSG00000187288.12,3.8196393133658086e-05,984
ENSG00000152454.4,3.8180434704832085e-05,985
ENSG00000151952.16,3.8164387437074504e-05,986
ENSG00000137975.8,3.8077391998412376e-05,987
ENSG00000169218.14,3.7927709083148444e-05,988
ENSG00000270550.1,3.7721076805668223e-05,989
ENSG00000154654.15,3.7682746084555643e-05,990
ENSG00000159261.12,3.767673349495354e-05,991
ENSG00000229619.4,3.754962601812368e-05,992
ENSG00000137077.8,3.740372558884136e-05,993
ENSG00000146054.18,3.737013955062036e-05,994
ENSG00000224958.6,3.726432050228743e-05,995
ENSG00000177098.9,3.72059182554741e-05,996
ENSG00000227051.7,3.719379665564623e-05,997
ENSG00000174562.13,3.718850701889624e-05,998
ENSG00000276122.1,3.710812100909933e-05,999
ENSG00000162723.10,3.693683911814521e-05,1000
ENSG00000211951.2,3.690261453030066e-05,1001
ENSG00000223547.10,3.688379392559913e-05,1002
ENSG00000244306.11,3.676731229991255e-05,1003
ENSG00000118557.16,3.676620254723312e-05,1004
ENSG00000211652.2,3.674967705492904e-05,1005
ENSG00000133488.15,3.674669800255133e-05,1006
ENSG00000129009.13,3.6724396252439656e-05,1007
ENSG00000144331.20,3.6717483453033555e-05,1008
ENSG00000156218.13,3.6647923254126704e-05,1009
ENSG00000213981.8,3.6633392059659145e-05,1010
ENSG00000013297.12,3.6631451674763226e-05,1011
ENSG00000197921.6,3.657563159054811e-05,1012
ENSG00000144847.13,3.6495109537159395e-05,1013
ENSG00000278909.1,3.644941424729593e-05,1014
ENSG00000277200.1,3.64207653369536e-05,1015
ENSG00000087250.9,3.640492993525273e-05,1016
ENSG00000157152.17,3.634606974133723e-05,1017
ENSG00000176194.18,3.6322744889136174e-05,1018
ENSG00000116031.9,3.631509823690314e-05,1019
ENSG00000286449.1,3.618894959283909e-05,1020
ENSG00000168875.3,3.616631336117884e-05,1021
ENSG00000157502.13,3.615076078958822e-05,1022
ENSG00000087085.16,3.608840552760003e-05,1023
ENSG00000038295.8,3.606236081638298e-05,1024
ENSG00000188620.11,3.594259304948254e-05,1025
ENSG00000262188.2,3.591804888310097e-05,1026
ENSG00000258676.5,3.5832222261404456e-05,1027
ENSG00000143001.5,3.58206536189514e-05,1028
ENSG00000125355.16,3.5809455745035476e-05,1029
ENSG00000166415.15,3.5733294154259034e-05,1030
ENSG00000082482.14,3.5707983774521754e-05,1031
ENSG00000164237.9,3.570261017292454e-05,1032
ENSG00000171101.13,3.568167812060803e-05,1033
ENSG00000286403.1,3.5665425642960614e-05,1034
ENSG00000278318.5,3.565319067371597e-05,1035
ENSG00000036473.8,3.565038418443118e-05,1036
ENSG00000239205.1,3.564732325887233e-05,1037
ENSG00000163817.16,3.550045208800631e-05,1038
ENSG00000139970.17,3.5474159425360106e-05,1039
ENSG00000203635.2,3.525521803019165e-05,1040
ENSG00000175548.9,3.5210412087066534e-05,1041
ENSG00000041353.10,3.515846626829206e-05,1042
ENSG00000198914.5,3.5135549575123394e-05,1043
ENSG00000197128.12,3.5096532673214325e-05,1044
ENSG00000186007.10,3.505344734825095e-05,1045
ENSG00000198947.16,3.499918618412273e-05,1046
ENSG00000183908.7,3.498419144114151e-05,1047
ENSG00000182836.10,3.4947980328415426e-05,1048
ENSG00000173068.18,3.492442932182432e-05,1049
ENSG00000257842.6,3.487911258299241e-05,1050
ENSG00000135842.17,3.485338020768155e-05,1051
ENSG00000197476.3,3.4848594209895124e-05,1052
ENSG00000254042.2,3.478926149206644e-05,1053
ENSG00000225698.3,3.476220510144319e-05,1054
ENSG00000118733.17,3.46502530562162e-05,1055
ENSG00000196912.12,3.462314169246393e-05,1056
ENSG00000079102.16,3.4598765395002284e-05,1057
ENSG00000081479.15,3.458079335867766e-05,1058
ENSG00000107518.18,3.457685578236934e-05,1059
ENSG00000168481.9,3.4562130095167975e-05,1060
ENSG00000171450.6,3.455541688618135e-05,1061
ENSG00000166682.13,3.4398236687549603e-05,1062
ENSG00000211899.10,3.428305655036786e-05,1063
ENSG00000241935.9,3.4231876575539814e-05,1064
ENSG00000038427.16,3.422986819868182e-05,1065
ENSG00000276334.1,3.406492516105651e-05,1066
ENSG00000164850.15,3.405270620397344e-05,1067
ENSG00000176204.13,3.3943796664078805e-05,1068
ENSG00000151090.20,3.3920077451414335e-05,1069
ENSG00000184809.13,3.3837904982352553e-05,1070
ENSG00000233221.7,3.372635258587528e-05,1071
ENSG00000167676.4,3.368688744199453e-05,1072
ENSG00000162409.11,3.3654991257441615e-05,1073
ENSG00000112182.15,3.364044032334935e-05,1074
ENSG00000251095.7,3.36399641104067e-05,1075
ENSG00000188738.15,3.353412918923427e-05,1076
ENSG00000280109.3,3.336684587232918e-05,1077
ENSG00000133067.17,3.3329140280011415e-05,1078
ENSG00000153002.12,3.321404942846075e-05,1079
ENSG00000231252.3,3.317134439149474e-05,1080
ENSG00000147036.12,3.300271249819016e-05,1081
ENSG00000166825.15,3.292599414765218e-05,1082
ENSG00000241351.3,3.285713545418589e-05,1083
ENSG00000100079.7,3.285354819362375e-05,1084
ENSG00000198768.11,3.2762199576952596e-05,1085
ENSG00000151338.18,3.2756793773480975e-05,1086
ENSG00000091986.16,3.2738333723747886e-05,1087
ENSG00000167723.15,3.25427463544472e-05,1088
ENSG00000130224.15,3.2513035999991635e-05,1089
ENSG00000234840.2,3.242378671283335e-05,1090
ENSG00000105048.17,3.2391192734708315e-05,1091
ENSG00000200959.1,3.2344307119097597e-05,1092
ENSG00000165821.12,3.2323809851791506e-05,1093
ENSG00000230006.7,3.231903983079386e-05,1094
ENSG00000221986.7,3.2206057951420114e-05,1095
ENSG00000223350.2,3.219875676948234e-05,1096
ENSG00000131620.17,3.217210358362889e-05,1097
ENSG00000198963.11,3.2155030061594286e-05,1098
ENSG00000198346.11,3.211094752512264e-05,1099
ENSG00000111962.8,3.206692715899493e-05,1100
ENSG00000154269.15,3.203744714049246e-05,1101
ENSG00000143867.7,3.1941660962844296e-05,1102
ENSG00000174672.16,3.188470069627483e-05,1103
ENSG00000113805.8,3.1810855849532224e-05,1104
ENSG00000166819.12,3.178472320970739e-05,1105
ENSG00000107984.10,3.173708101845655e-05,1106
ENSG00000166546.14,3.17327754077937e-05,1107
ENSG00000106331.17,3.143001360858825e-05,1108
ENSG00000204614.9,3.138213354833761e-05,1109
ENSG00000234350.5,3.132631628903262e-05,1110
ENSG00000228307.2,3.129857124168099e-05,1111
ENSG00000178343.5,3.119399733477061e-05,1112
ENSG00000167914.12,3.109930132525558e-05,1113
ENSG00000131730.16,3.106413797119905e-05,1114
ENSG00000168874.13,3.105510783482439e-05,1115
ENSG00000236311.6,3.0900063896675534e-05,1116
ENSG00000006747.15,3.088168387790944e-05,1117
ENSG00000133636.11,3.078825363853662e-05,1118
ENSG00000244476.3,3.074845326534493e-05,1119
ENSG00000148541.13,3.074481909882749e-05,1120
ENSG00000134824.14,3.07205957298457e-05,1121
ENSG00000273132.1,3.070218894967701e-05,1122
ENSG00000234997.2,3.0627904168760245e-05,1123
ENSG00000115705.22,3.058529306415651e-05,1124
ENSG00000188828.12,3.0321049082063998e-05,1125
ENSG00000235961.6,3.028068009077061e-05,1126
ENSG00000257185.2,3.0264844116795634e-05,1127
ENSG00000162897.16,3.024332889189577e-05,1128
ENSG00000110427.17,3.0191389277312258e-05,1129
ENSG00000175315.3,3.0087546106260797e-05,1130
ENSG00000225187.1,2.9991037500411825e-05,1131
ENSG00000184719.12,2.9971552249279782e-05,1132
ENSG00000185306.13,2.992271607208828e-05,1133
ENSG00000213937.4,2.9899380197688212e-05,1134
ENSG00000075035.10,2.9853099689648958e-05,1135
ENSG00000124006.15,2.984072903806732e-05,1136
ENSG00000277494.2,2.9795413012966338e-05,1137
ENSG00000160161.9,2.975125623936553e-05,1138
ENSG00000213866.3,2.9528248878147575e-05,1139
ENSG00000268621.6,2.9496620394648913e-05,1140
ENSG00000151917.18,2.945218529432584e-05,1141
ENSG00000139292.13,2.9408061729985554e-05,1142
ENSG00000135480.16,2.9406363941499668e-05,1143
ENSG00000283554.1,2.912054356953904e-05,1144
ENSG00000261175.6,2.89436615628157e-05,1145
ENSG00000145147.20,2.882218328798617e-05,1146
ENSG00000103942.13,2.8761432524348278e-05,1147
ENSG00000131910.5,2.8696789320353813e-05,1148
ENSG00000146374.14,2.859772067211965e-05,1149
ENSG00000120068.7,2.855080683162119e-05,1150
ENSG00000145908.12,2.842624901063347e-05,1151
ENSG00000169469.9,2.8187982020654057e-05,1152
ENSG00000137860.12,2.8147128409098052e-05,1153
ENSG00000152292.17,2.805222785735533e-05,1154
ENSG00000077935.17,2.8022770062878017e-05,1155
ENSG00000260328.1,2.7945601358232712e-05,1156
ENSG00000225210.10,2.7883834304259237e-05,1157
ENSG00000262655.4,2.7835436584400868e-05,1158
ENSG00000259865.1,2.7737499671961676e-05,1159
ENSG00000118922.17,2.770738050963685e-05,1160
ENSG00000196169.15,2.7659482486310857e-05,1161
ENSG00000100344.11,2.7657686141809124e-05,1162
ENSG00000170835.16,2.7645634714755954e-05,1163
ENSG00000245750.10,2.7621567502937108e-05,1164
ENSG00000287566.1,2.7512559965077023e-05,1165
ENSG00000198185.11,2.744575409272205e-05,1166
ENSG00000253883.1,2.7417593660532387e-05,1167
ENSG00000248323.7,2.735068692517706e-05,1168
ENSG00000166426.8,2.7316351781675456e-05,1169
ENSG00000104728.16,2.7197554694521737e-05,1170
ENSG00000226468.2,2.7173354435577597e-05,1171
ENSG00000255552.7,2.7132845810247186e-05,1172
ENSG00000138650.9,2.712105451504503e-05,1173
ENSG00000282122.1,2.7109426650945507e-05,1174
ENSG00000239911.2,2.7083197087482776e-05,1175
ENSG00000170231.16,2.7038375750105934e-05,1176
ENSG00000229152.2,2.6981719557391035e-05,1177
ENSG00000124491.16,2.6980332955511143e-05,1178
ENSG00000078295.17,2.685317589355221e-05,1179
ENSG00000255277.3,2.6749761453596988e-05,1180
ENSG00000150681.10,2.6725035286936014e-05,1181
ENSG00000137747.16,2.6691488768473092e-05,1182
ENSG00000269516.6,2.6588788887115697e-05,1183
ENSG00000146021.15,2.655850552121944e-05,1184
ENSG00000251138.7,2.6478752858686027e-05,1185
ENSG00000135960.10,2.6445942118109842e-05,1186
ENSG00000241566.1,2.6437266134923375e-05,1187
ENSG00000145423.5,2.640705025439462e-05,1188
ENSG00000163216.7,2.6352376120969108e-05,1189
ENSG00000185156.6,2.6296529185592377e-05,1190
ENSG00000171889.5,2.6274239014296073e-05,1191
ENSG00000186603.6,2.6234968925719734e-05,1192
ENSG00000145920.15,2.619444508147922e-05,1193
ENSG00000125508.3,2.616316550713027e-05,1194
ENSG00000168004.10,2.6128450189005562e-05,1195
ENSG00000171759.10,2.601626047935754e-05,1196
ENSG00000249690.1,2.5910146620978743e-05,1197
ENSG00000227121.2,2.5807482246305455e-05,1198
ENSG00000197261.11,2.5781642286655254e-05,1199
ENSG00000166402.9,2.5661598001865766e-05,1200
ENSG00000162009.8,2.5649114052606113e-05,1201
ENSG00000184860.10,2.5580096997202942e-05,1202
ENSG00000177301.16,2.54503757897772e-05,1203
ENSG00000112541.17,2.5427358093606707e-05,1204
ENSG00000188322.8,2.540840205230898e-05,1205
ENSG00000276547.1,2.5395314667708028e-05,1206
ENSG00000259471.1,2.5340299470692335e-05,1207
ENSG00000124440.16,2.5263051117841292e-05,1208
ENSG00000259781.1,2.5257706099340343e-05,1209
ENSG00000228358.6,2.5256479186090425e-05,1210
ENSG00000198203.10,2.5221100319740153e-05,1211
ENSG00000230461.9,2.518160844635441e-05,1212
ENSG00000169436.17,2.5141736956068844e-05,1213
ENSG00000285601.1,2.505235176029351e-05,1214
ENSG00000233828.5,2.5027529389964573e-05,1215
ENSG00000186076.5,2.497203631605829e-05,1216
ENSG00000162006.9,2.4955584825313825e-05,1217
ENSG00000286966.1,2.4918304184119473e-05,1218
ENSG00000262370.6,2.4837770260825577e-05,1219
ENSG00000274993.1,2.4806528820902303e-05,1220
ENSG00000136235.17,2.4699752848572415e-05,1221
ENSG00000268555.2,2.4689260841461898e-05,1222
ENSG00000232023.3,2.4555808558345445e-05,1223
ENSG00000161249.21,2.449363713276016e-05,1224
ENSG00000011465.18,2.445781530762168e-05,1225
ENSG00000254176.1,2.442170432867549e-05,1226
ENSG00000165568.18,2.4308265864029277e-05,1227
ENSG00000211804.3,2.4305163003597177e-05,1228
ENSG00000228566.2,2.4284055710020635e-05,1229
ENSG00000170370.12,2.41898574555584e-05,1230
ENSG00000134532.19,2.4168306180044537e-05,1231
ENSG00000164761.9,2.4151233074370462e-05,1232
ENSG00000184357.5,2.4040644885927797e-05,1233
ENSG00000213315.5,2.3981775046070782e-05,1234
ENSG00000134538.3,2.3939332075296534e-05,1235
ENSG00000174502.19,2.386545116583045e-05,1236
ENSG00000171798.18,2.3844478855776433e-05,1237
ENSG00000168243.11,2.379413995498177e-05,1238
ENSG00000060656.20,2.3756597997659414e-05,1239
ENSG00000286133.2,2.3687350977452134e-05,1240
ENSG00000066382.16,2.36194158872847e-05,1241
ENSG00000175344.19,2.358831618169645e-05,1242
ENSG00000266869.2,2.348568307689156e-05,1243
ENSG00000148948.8,2.3455280939408498e-05,1244
ENSG00000131080.15,2.3445511906503708e-05,1245
ENSG00000077063.11,2.340584571037316e-05,1246
ENSG00000147889.18,2.339089252741621e-05,1247
ENSG00000080644.16,2.315264854681794e-05,1248
ENSG00000257302.1,2.3105191738365053e-05,1249
ENSG00000261863.1,2.3004383799464685e-05,1250
ENSG00000203867.8,2.292396816319884e-05,1251
ENSG00000106624.11,2.2873193267508557e-05,1252
ENSG00000162687.19,2.2861554839659677e-05,1253
ENSG00000165731.20,2.2797411167248824e-05,1254
ENSG00000187957.8,2.2774745361936576e-05,1255
ENSG00000065618.21,2.2742806534680917e-05,1256
ENSG00000108242.13,2.2720429932972554e-05,1257
ENSG00000235890.2,2.2593593674584043e-05,1258
ENSG00000142700.12,2.2579675082167005e-05,1259
ENSG00000200087.1,2.242207589871262e-05,1260
ENSG00000148408.13,2.218306406916416e-05,1261
ENSG00000196368.5,2.2160802785997303e-05,1262
ENSG00000127472.11,2.2159679840880313e-05,1263
ENSG00000188373.5,2.2141227203453605e-05,1264
ENSG00000268879.1,2.207462954050372e-05,1265
ENSG00000225670.4,2.2026324543108403e-05,1266
ENSG00000256802.2,2.2026199114501802e-05,1267
ENSG00000286519.1,2.195279582120075e-05,1268
ENSG00000154856.13,2.158847724586003e-05,1269
ENSG00000126583.11,2.154977762160399e-05,1270
ENSG00000101825.8,2.151943779180627e-05,1271
ENSG00000183114.8,2.1412372035949557e-05,1272
ENSG00000254319.6,2.1388348263852716e-05,1273
ENSG00000197046.12,2.1367218582838984e-05,1274
ENSG00000253405.1,2.1344345699863447e-05,1275
ENSG00000173404.5,2.122199778525406e-05,1276
ENSG00000162614.19,2.118946813066648e-05,1277
ENSG00000169427.8,2.0959327335081804e-05,1278
ENSG00000253641.6,2.072013942989427e-05,1279
ENSG00000214429.3,2.0568647930237695e-05,1280
ENSG00000167618.10,2.0525546011611495e-05,1281
ENSG00000110375.3,2.0463630677796673e-05,1282
ENSG00000186377.8,2.0452036152952922e-05,1283
ENSG00000251039.2,2.0447098172895597e-05,1284
ENSG00000171560.16,2.0370638949703886e-05,1285
ENSG00000155875.15,2.0299084258061797e-05,1286
ENSG00000285108.1,2.0264513632773183e-05,1287
ENSG00000136231.14,2.0128865400864662e-05,1288
ENSG00000226715.4,2.0079579536610892e-05,1289
ENSG00000105996.7,2.003778861498979e-05,1290
ENSG00000167749.11,1.9953453723759244e-05,1291
ENSG00000163629.13,1.9899298285642528e-05,1292
ENSG00000215182.8,1.986953452334196e-05,1293
ENSG00000188580.15,1.9867803819998557e-05,1294
ENSG00000149591.17,1.9860970049571705e-05,1295
ENSG00000255026.1,1.982820200425015e-05,1296
ENSG00000006606.9,1.966625616548311e-05,1297
ENSG00000112280.17,1.9652610074663057e-05,1298
ENSG00000198353.8,1.959783235403389e-05,1299
ENSG00000261553.5,1.956034947873759e-05,1300
ENSG00000163395.17,1.9535807307141512e-05,1301
ENSG00000080854.16,1.9517347849357333e-05,1302
ENSG00000178163.8,1.950199576628047e-05,1303
ENSG00000198842.10,1.9501052092418685e-05,1304
ENSG00000244538.1,1.94756137220059e-05,1305
ENSG00000039139.9,1.9475076441751806e-05,1306
ENSG00000214748.2,1.946730379060266e-05,1307
ENSG00000222033.1,1.943525657038506e-05,1308
ENSG00000168631.13,1.940160424188105e-05,1309
ENSG00000166963.13,1.9367622867028106e-05,1310
ENSG00000118113.12,1.933627843161181e-05,1311
ENSG00000225421.2,1.9279974787844644e-05,1312
ENSG00000242082.2,1.9261284381055445e-05,1313
ENSG00000253339.2,1.9173212576726618e-05,1314
ENSG00000169548.3,1.9163560898177757e-05,1315
ENSG00000257831.1,1.9106621313257993e-05,1316
ENSG00000133048.13,1.9104146590945876e-05,1317
ENSG00000224968.2,1.904154630598637e-05,1318
ENSG00000180155.20,1.8954277065143423e-05,1319
ENSG00000101333.17,1.8942296308265087e-05,1320
ENSG00000123610.5,1.8889304507578856e-05,1321
ENSG00000207445.1,1.8716355954850822e-05,1322
ENSG00000211672.2,1.871560103527116e-05,1323
ENSG00000264281.3,1.866144651518742e-05,1324
ENSG00000126218.12,1.865008056460411e-05,1325
ENSG00000242715.8,1.8627487879068894e-05,1326
ENSG00000155980.13,1.8613277392122092e-05,1327
ENSG00000145850.9,1.8358224044286388e-05,1328
ENSG00000277559.1,1.8356916407767896e-05,1329
ENSG00000007402.12,1.828850314214499e-05,1330
ENSG00000165443.12,1.828715428729396e-05,1331
ENSG00000186818.12,1.8230717881056934e-05,1332
ENSG00000172156.4,1.822279588091111e-05,1333
ENSG00000109255.11,1.8158109713090414e-05,1334
ENSG00000246465.1,1.8145256595120192e-05,1335
ENSG00000182575.8,1.8027398356853904e-05,1336
ENSG00000249001.5,1.7910573475354206e-05,1337
ENSG00000112818.10,1.787257092966238e-05,1338
ENSG00000248727.6,1.777052151142068e-05,1339
ENSG00000188883.5,1.7763376191235385e-05,1340
ENSG00000162433.15,1.775381597236819e-05,1341
ENSG00000174977.8,1.76368719573999e-05,1342
ENSG00000165730.16,1.7636176639692363e-05,1343
ENSG00000268926.3,1.7624748563414114e-05,1344
ENSG00000133063.16,1.7615104816399717e-05,1345
ENSG00000186094.17,1.761023734676436e-05,1346
ENSG00000146592.17,1.760721974005882e-05,1347
ENSG00000258405.11,1.751679306606544e-05,1348
ENSG00000226674.11,1.744901338142733e-05,1349
ENSG00000241794.2,1.7387421386595866e-05,1350
ENSG00000211896.7,1.732673956421411e-05,1351
ENSG00000124143.10,1.7303516283701473e-05,1352
ENSG00000227115.8,1.730225795957777e-05,1353
ENSG00000269821.1,1.7300003045221858e-05,1354
ENSG00000255050.1,1.729559442027726e-05,1355
ENSG00000165973.19,1.7257977616817202e-05,1356
ENSG00000141433.13,1.7192958891142108e-05,1357
ENSG00000280623.1,1.718884970984772e-05,1358
ENSG00000261104.1,1.7176546769810397e-05,1359
ENSG00000198598.6,1.7058731001549408e-05,1360
ENSG00000197301.7,1.7047253345052505e-05,1361
ENSG00000099937.11,1.690442111854321e-05,1362
ENSG00000120659.15,1.6886997524661147e-05,1363
ENSG00000248429.5,1.6883452749318837e-05,1364
ENSG00000134762.17,1.6881588037300443e-05,1365
ENSG00000286802.1,1.6814405406929336e-05,1366
ENSG00000180537.13,1.679840191217435e-05,1367
ENSG00000153303.17,1.6772168019707324e-05,1368
ENSG00000102854.16,1.6762388828411356e-05,1369
ENSG00000136881.12,1.6628633725647335e-05,1370
ENSG00000205057.6,1.6613754543261485e-05,1371
ENSG00000236256.9,1.658943971308703e-05,1372
ENSG00000112761.21,1.6567508275807787e-05,1373
ENSG00000268628.2,1.646820613599563e-05,1374
ENSG00000233845.1,1.641069327298739e-05,1375
ENSG00000136689.19,1.6401088346763747e-05,1376
ENSG00000232043.1,1.6380528920252163e-05,1377
ENSG00000110195.14,1.632227555178944e-05,1378
ENSG00000186115.13,1.630885686831002e-05,1379
ENSG00000180210.15,1.6295491574489524e-05,1380
ENSG00000103569.10,1.624297871499094e-05,1381
ENSG00000269978.1,1.6234856910144175e-05,1382
ENSG00000180071.20,1.6149958678879114e-05,1383
ENSG00000275385.2,1.6116060939250895e-05,1384
ENSG00000214612.3,1.6097184534338506e-05,1385
ENSG00000287281.1,1.607335554712385e-05,1386
ENSG00000127129.10,1.602853396557258e-05,1387
ENSG00000234929.2,1.6004189479853196e-05,1388
ENSG00000253844.1,1.5982786213233027e-05,1389
ENSG00000167757.14,1.586600849518595e-05,1390
ENSG00000108830.10,1.5658335370686566e-05,1391
ENSG00000106038.13,1.5594965412986526e-05,1392
ENSG00000123496.8,1.558452186446929e-05,1393
ENSG00000186493.13,1.55517734099474e-05,1394
ENSG00000090382.7,1.5536717805507495e-05,1395
ENSG00000158296.14,1.5512394502826172e-05,1396
ENSG00000086991.13,1.5494339946558338e-05,1397
ENSG00000237412.7,1.545213161550057e-05,1398
ENSG00000144452.15,1.538004643497605e-05,1399
ENSG00000261039.3,1.5378728649635333e-05,1400
ENSG00000179066.8,1.5375712792226174e-05,1401
ENSG00000130988.13,1.5265934410256415e-05,1402
ENSG00000100473.18,1.5080002092393097e-05,1403
ENSG00000140519.14,1.4990271650127508e-05,1404
ENSG00000172817.4,1.4904851609490876e-05,1405
ENSG00000163739.5,1.4616960494883804e-05,1406
ENSG00000246898.1,1.4545285594372655e-05,1407
ENSG00000287388.1,1.453544619157977e-05,1408
ENSG00000254111.3,1.452501666060521e-05,1409
ENSG00000279017.1,1.4515926382365648e-05,1410
ENSG00000183287.14,1.4513067325898667e-05,1411
ENSG00000272549.1,1.4505275009181178e-05,1412
ENSG00000181143.15,1.4470797436316579e-05,1413
ENSG00000235408.6,1.4448543112946587e-05,1414
ENSG00000133710.16,1.4447715353286775e-05,1415
ENSG00000257894.2,1.4391759324939306e-05,1416
ENSG00000186038.9,1.4352150252828189e-05,1417
ENSG00000102098.19,1.4318184194748427e-05,1418
ENSG00000144057.15,1.429093849516032e-05,1419
ENSG00000260807.7,1.4279881403234171e-05,1420
ENSG00000203685.10,1.4241159209789745e-05,1421
ENSG00000198734.12,1.422168017495527e-05,1422
ENSG00000123999.5,1.4205055278671472e-05,1423
ENSG00000281026.1,1.4203146140407338e-05,1424
ENSG00000157423.18,1.4143940871600678e-05,1425
ENSG00000211642.3,1.4070110209215659e-05,1426
ENSG00000273983.1,1.404457119161375e-05,1427
ENSG00000167281.19,1.401832587557291e-05,1428
ENSG00000248485.2,1.4005243438666266e-05,1429
ENSG00000144230.16,1.3978610346361233e-05,1430
ENSG00000099960.13,1.3908639715978647e-05,1431
ENSG00000137869.15,1.3890958826414729e-05,1432
ENSG00000286954.1,1.3888551809348943e-05,1433
ENSG00000101335.10,1.3819855208347352e-05,1434
ENSG00000259915.2,1.3789339536672984e-05,1435
ENSG00000149948.14,1.369640954271469e-05,1436
ENSG00000154655.16,1.3615541712733247e-05,1437
ENSG00000069431.11,1.358866212297991e-05,1438
ENSG00000149596.7,1.3559316198289894e-05,1439
ENSG00000215252.11,1.3532619986594268e-05,1440
ENSG00000182379.10,1.3531485310099744e-05,1441
ENSG00000180178.11,1.3505670892164846e-05,1442
ENSG00000179242.16,1.3435093506346889e-05,1443
ENSG00000114378.17,1.3414004930834497e-05,1444
ENSG00000196074.13,1.3299960990992353e-05,1445
ENSG00000287626.1,1.3267878097071165e-05,1446
ENSG00000134757.5,1.323973561124581e-05,1447
ENSG00000226887.8,1.3234328950653628e-05,1448
ENSG00000166831.9,1.3208828006804583e-05,1449
ENSG00000130176.8,1.3039866595798104e-05,1450
ENSG00000174450.12,1.3007057507803291e-05,1451
ENSG00000279249.3,1.2932029503241627e-05,1452
ENSG00000233608.4,1.2906275537313606e-05,1453
ENSG00000102452.18,1.2892954989625376e-05,1454
ENSG00000119699.8,1.2855112763980307e-05,1455
ENSG00000251493.5,1.2848912373031524e-05,1456
ENSG00000128573.26,1.2824791077455329e-05,1457
ENSG00000104722.14,1.2819026137456856e-05,1458
ENSG00000121207.12,1.2781875809528585e-05,1459
ENSG00000161798.7,1.2747673648428857e-05,1460
ENSG00000224041.3,1.2730999830948167e-05,1461
ENSG00000283475.1,1.2604567261810045e-05,1462
ENSG00000122367.20,1.2597090706705215e-05,1463
ENSG00000286039.1,1.258515590152736e-05,1464
ENSG00000234287.1,1.2521963451066686e-05,1465
ENSG00000182168.15,1.2519044750539191e-05,1466
ENSG00000196917.6,1.246992534751976e-05,1467
ENSG00000078399.19,1.242226099312519e-05,1468
ENSG00000080224.17,1.2393028228781324e-05,1469
ENSG00000154263.17,1.2389695664257905e-05,1470
ENSG00000174514.13,1.2386407559905583e-05,1471
ENSG00000251002.8,1.2295161051472856e-05,1472
ENSG00000197757.8,1.2235536917118598e-05,1473
ENSG00000145808.10,1.2226056327537511e-05,1474
ENSG00000213996.13,1.2178628110295411e-05,1475
ENSG00000124749.17,1.20986757301143e-05,1476
ENSG00000154529.15,1.207593511203706e-05,1477
ENSG00000257138.1,1.2039222127493297e-05,1478
ENSG00000168490.14,1.2028250716411972e-05,1479
ENSG00000211897.9,1.1906498598792085e-05,1480
ENSG00000147689.16,1.1868637303578238e-05,1481
ENSG00000102174.9,1.1858411517742795e-05,1482
ENSG00000133519.12,1.18361875143464e-05,1483
ENSG00000250033.5,1.1815631549594276e-05,1484
ENSG00000186479.5,1.179287341876287e-05,1485
ENSG00000272913.1,1.1726145664914114e-05,1486
ENSG00000172901.20,1.1717340760090309e-05,1487
ENSG00000198915.12,1.1663686011836152e-05,1488
ENSG00000197927.13,1.1609156518157808e-05,1489
ENSG00000175928.6,1.1578094305659227e-05,1490
ENSG00000278811.4,1.1501133091911226e-05,1491
ENSG00000240950.1,1.1493465047127768e-05,1492
ENSG00000249395.4,1.146426681851521e-05,1493
ENSG00000119535.18,1.1460219489246763e-05,1494
ENSG00000168779.20,1.143896265246066e-05,1495
ENSG00000100033.16,1.14333560370698e-05,1496
ENSG00000248663.6,1.135273531601368e-05,1497
ENSG00000137573.14,1.1287360133516428e-05,1498
ENSG00000224739.2,1.1268176496325989e-05,1499
ENSG00000171246.6,1.1268090408265284e-05,1500
ENSG00000260947.1,1.1240878889848375e-05,1501
ENSG00000228314.1,1.1202087943521704e-05,1502
ENSG00000124915.10,1.1101945471936607e-05,1503
ENSG00000211946.3,1.1069818831987602e-05,1504
ENSG00000227674.3,1.0991070849907313e-05,1505
ENSG00000262482.1,1.0927366150589878e-05,1506
ENSG00000086159.13,1.091693117988282e-05,1507
ENSG00000254211.6,1.0895519499411135e-05,1508
ENSG00000240671.4,1.088030116966309e-05,1509
ENSG00000250284.3,1.0815544086170903e-05,1510
ENSG00000124249.7,1.0764515275976005e-05,1511
ENSG00000275620.1,1.0749166239860436e-05,1512
ENSG00000271662.1,1.0742737226871408e-05,1513
ENSG00000254585.5,1.0713357111668333e-05,1514
ENSG00000171385.10,1.0669280438704972e-05,1515
ENSG00000261713.6,1.0659536171397981e-05,1516
ENSG00000137757.11,1.0642254680808527e-05,1517
ENSG00000152078.10,1.0629730429058844e-05,1518
ENSG00000182463.16,1.0609923679403007e-05,1519
ENSG00000268521.1,1.0607586467637744e-05,1520
ENSG00000166025.18,1.060254844015352e-05,1521
ENSG00000162892.16,1.0586585418541045e-05,1522
ENSG00000144857.14,1.0565210807625116e-05,1523
ENSG00000186481.16,1.054708101644814e-05,1524
ENSG00000119938.9,1.0481952022850346e-05,1525
ENSG00000224853.3,1.0442976716072818e-05,1526
ENSG00000253187.2,1.04073929096988e-05,1527
ENSG00000211967.3,1.0391950317236005e-05,1528
ENSG00000186417.14,1.0255012701414101e-05,1529
ENSG00000015520.15,1.022702750912376e-05,1530
ENSG00000118407.15,1.0116961798005696e-05,1531
ENSG00000206384.10,1.0078273556383741e-05,1532
ENSG00000196228.3,1.0058656049977902e-05,1533
ENSG00000138722.10,1.004205245718066e-05,1534
ENSG00000183098.11,9.993052466758708e-06,1535
ENSG00000204179.10,9.944256497121026e-06,1536
ENSG00000144681.10,9.925036587652583e-06,1537
ENSG00000164116.17,9.805203053254117e-06,1538
ENSG00000256084.1,9.770730519650798e-06,1539
ENSG00000228784.9,9.728462419007175e-06,1540
ENSG00000198932.13,9.700156030497605e-06,1541
ENSG00000230882.1,9.683053114384619e-06,1542
ENSG00000146521.10,9.638543730592123e-06,1543
ENSG00000238243.3,9.616271139008529e-06,1544
ENSG00000205922.5,9.60927603490634e-06,1545
ENSG00000173227.14,9.568419430606194e-06,1546
ENSG00000009709.12,9.49907878608977e-06,1547
ENSG00000134760.6,9.45286332047673e-06,1548
ENSG00000196132.14,9.42646576570059e-06,1549
ENSG00000011677.13,9.390951838580141e-06,1550
ENSG00000109906.14,9.390354430349543e-06,1551
ENSG00000113946.4,9.265727023286473e-06,1552
ENSG00000270864.1,9.243833162266232e-06,1553
ENSG00000174358.16,9.204297860861681e-06,1554
ENSG00000211654.2,9.178441896819164e-06,1555
ENSG00000198948.12,9.167989299075342e-06,1556
ENSG00000236296.8,9.154471529721672e-06,1557
ENSG00000118160.14,9.149919429343866e-06,1558
ENSG00000163993.7,9.137971006227925e-06,1559
ENSG00000104059.4,9.129261671852303e-06,1560
ENSG00000272668.2,9.118165288740678e-06,1561
ENSG00000133110.15,9.052619008101734e-06,1562
ENSG00000279013.1,8.925370424905547e-06,1563
ENSG00000162738.6,8.871351209188719e-06,1564
ENSG00000214711.10,8.834942512355279e-06,1565
ENSG00000174348.14,8.814603098674663e-06,1566
ENSG00000155659.15,8.760372143283199e-06,1567
ENSG00000224322.2,8.742019549442054e-06,1568
ENSG00000221818.9,8.701677703293391e-06,1569
ENSG00000115593.15,8.670361836890301e-06,1570
ENSG00000261625.1,8.661369257489364e-06,1571
ENSG00000152377.14,8.653281442541817e-06,1572
ENSG00000165379.13,8.592667804865382e-06,1573
ENSG00000141449.15,8.588977033453152e-06,1574
ENSG00000185483.12,8.5627229692503e-06,1575
ENSG00000197380.11,8.562547804708302e-06,1576
ENSG00000066230.12,8.551563512620596e-06,1577
ENSG00000137265.15,8.48424753252629e-06,1578
ENSG00000287923.1,8.48308355719042e-06,1579
ENSG00000117013.17,8.47871719647544e-06,1580
ENSG00000228509.6,8.471506115237563e-06,1581
ENSG00000110665.12,8.447922884330938e-06,1582
ENSG00000106688.12,8.44642854325526e-06,1583
ENSG00000159184.8,8.442031475109748e-06,1584
ENSG00000054598.9,8.398290596366382e-06,1585
ENSG00000254510.2,8.396194200272502e-06,1586
ENSG00000070031.4,8.380460635733346e-06,1587
ENSG00000162733.19,8.371840682947459e-06,1588
ENSG00000169071.15,8.327726125827994e-06,1589
ENSG00000181092.10,8.25705574787332e-06,1590
ENSG00000132561.14,8.246198659237073e-06,1591
ENSG00000053438.11,8.221012315488025e-06,1592
ENSG00000046653.15,8.195883546267637e-06,1593
ENSG00000196620.10,8.189303869756996e-06,1594
ENSG00000153930.12,8.147205984658036e-06,1595
ENSG00000237928.6,8.118426864739349e-06,1596
ENSG00000111452.13,8.072773931426395e-06,1597
ENSG00000164106.8,8.065525749955122e-06,1598
ENSG00000164935.6,8.053511797573135e-06,1599
ENSG00000288050.1,8.052525589654981e-06,1600
ENSG00000049540.18,7.987046898196059e-06,1601
ENSG00000217624.2,7.873966511769056e-06,1602
ENSG00000165449.11,7.860875779387066e-06,1603
ENSG00000262801.6,7.85287278323926e-06,1604
ENSG00000131831.18,7.843904172745889e-06,1605
ENSG00000188573.8,7.740212604616184e-06,1606
ENSG00000153012.12,7.612777324922062e-06,1607
ENSG00000267541.1,7.589337932583839e-06,1608
ENSG00000259664.3,7.5746431560251e-06,1609
ENSG00000171044.11,7.572244891884145e-06,1610
ENSG00000283236.1,7.563141533037093e-06,1611
ENSG00000145703.16,7.562379662047784e-06,1612
ENSG00000189238.6,7.507057420841235e-06,1613
ENSG00000184785.6,7.491456283408556e-06,1614
ENSG00000259237.1,7.36512143439176e-06,1615
ENSG00000274471.2,7.335654015690195e-06,1616
ENSG00000057468.7,7.324990002774447e-06,1617
ENSG00000175265.17,7.295315168507839e-06,1618
ENSG00000185518.12,7.189541555284046e-06,1619
ENSG00000244734.4,7.165471894496199e-06,1620
ENSG00000221676.1,7.1364237163380754e-06,1621
ENSG00000060566.14,7.1251017910563065e-06,1622
ENSG00000121406.9,7.10371191198768e-06,1623
ENSG00000137473.18,7.078540510095193e-06,1624
ENSG00000227359.1,7.078224736551662e-06,1625
ENSG00000218336.9,7.06153534263367e-06,1626
ENSG00000135625.8,7.030175066406385e-06,1627
ENSG00000133104.14,6.89945982005219e-06,1628
ENSG00000274422.1,6.8929703867920536e-06,1629
ENSG00000233098.9,6.870804770640005e-06,1630
ENSG00000021645.20,6.831986562124301e-06,1631
ENSG00000106714.17,6.82993007056809e-06,1632
ENSG00000276365.1,6.812515927419578e-06,1633
ENSG00000135643.5,6.7712388642349195e-06,1634
ENSG00000275325.4,6.768315476266685e-06,1635
ENSG00000113657.13,6.700804175501747e-06,1636
ENSG00000154760.14,6.67060192159425e-06,1637
ENSG00000101230.6,6.608968397661441e-06,1638
ENSG00000163218.15,6.6030096924130075e-06,1639
ENSG00000106366.9,6.589683582940978e-06,1640
ENSG00000140873.16,6.5790600695992395e-06,1641
ENSG00000253545.1,6.501699590124317e-06,1642
ENSG00000095713.14,6.492335597071403e-06,1643
ENSG00000178460.18,6.462731331310002e-06,1644
ENSG00000043039.7,6.4360106466068124e-06,1645
ENSG00000158246.8,6.347284269336797e-06,1646
ENSG00000204983.14,6.33395827309486e-06,1647
ENSG00000279862.1,6.3120704485072334e-06,1648
ENSG00000182816.9,6.309486584463169e-06,1649
ENSG00000166736.11,6.298514906928077e-06,1650
ENSG00000271533.1,6.277694194175923e-06,1651
ENSG00000165078.13,6.259699765944401e-06,1652
ENSG00000169224.13,6.25285183958147e-06,1653
ENSG00000135116.9,6.205142026542095e-06,1654
ENSG00000112139.16,6.181836410922611e-06,1655
ENSG00000137285.10,6.181178455534817e-06,1656
ENSG00000116014.10,6.176052418957907e-06,1657
ENSG00000254709.8,6.155680330430238e-06,1658
ENSG00000216560.4,6.155615305330653e-06,1659
ENSG00000168334.9,6.108562052158325e-06,1660
ENSG00000242094.1,6.10088655446466e-06,1661
ENSG00000007314.12,6.079135854154514e-06,1662
ENSG00000222012.1,6.076095314812773e-06,1663
ENSG00000121577.14,6.068023052818173e-06,1664
ENSG00000162373.13,6.057218546065731e-06,1665
ENSG00000198707.17,6.057125461586382e-06,1666
ENSG00000235669.1,6.037492473838704e-06,1667
ENSG00000259337.4,6.018075212185697e-06,1668
ENSG00000178150.10,6.008309868280493e-06,1669
ENSG00000197888.2,6.007486680887089e-06,1670
ENSG00000163518.11,5.950662147795935e-06,1671
ENSG00000092621.13,5.948523713107226e-06,1672
ENSG00000111860.14,5.92135694724508e-06,1673
ENSG00000272674.3,5.910983954432205e-06,1674
ENSG00000249853.8,5.898114689559089e-06,1675
ENSG00000160221.18,5.896202848797506e-06,1676
ENSG00000278857.1,5.889421536344893e-06,1677
ENSG00000211632.4,5.860008890214103e-06,1678
ENSG00000204174.8,5.846656088393609e-06,1679
ENSG00000250376.1,5.807208775209306e-06,1680
ENSG00000106123.12,5.8054279465629e-06,1681
ENSG00000275895.7,5.787757066349004e-06,1682
ENSG00000235049.1,5.771275238630693e-06,1683
ENSG00000205363.6,5.718579955895679e-06,1684
ENSG00000130700.7,5.710413523010044e-06,1685
ENSG00000167634.12,5.669753888898102e-06,1686
ENSG00000177025.3,5.6685089745028925e-06,1687
ENSG00000136999.5,5.66816503149653e-06,1688
ENSG00000242534.2,5.641707900788036e-06,1689
ENSG00000226084.5,5.629371901583187e-06,1690
ENSG00000154188.10,5.61954045414334e-06,1691
ENSG00000133317.16,5.6062445544834e-06,1692
ENSG00000085265.11,5.6017270196899904e-06,1693
ENSG00000233559.2,5.596595436897769e-06,1694
ENSG00000187773.8,5.584991186790276e-06,1695
ENSG00000043591.6,5.577150296547708e-06,1696
ENSG00000090530.10,5.574164494531402e-06,1697
ENSG00000125245.13,5.561855082223995e-06,1698
ENSG00000137558.9,5.555148658163835e-06,1699
ENSG00000164411.12,5.553458393628482e-06,1700
ENSG00000198934.5,5.5336431290158e-06,1701
ENSG00000164822.5,5.485792054477182e-06,1702
ENSG00000054938.16,5.4810204402654425e-06,1703
ENSG00000158445.10,5.470004723827271e-06,1704
ENSG00000091482.8,5.468945469785302e-06,1705
ENSG00000205362.11,5.465888622142918e-06,1706
ENSG00000168955.4,5.432918897818343e-06,1707
ENSG00000257883.1,5.431277920908747e-06,1708
ENSG00000183196.10,5.420522219018915e-06,1709
ENSG00000196436.8,5.3307181084862525e-06,1710
ENSG00000131401.11,5.298117749677938e-06,1711
ENSG00000178222.13,5.265369469289729e-06,1712
ENSG00000134240.12,5.242008479834982e-06,1713
ENSG00000151322.19,5.208078355298601e-06,1714
ENSG00000134533.6,5.2057905716084365e-06,1715
ENSG00000185002.10,5.19569744729735e-06,1716
ENSG00000106952.7,5.16071911425429e-06,1717
ENSG00000148704.13,5.143522979401829e-06,1718
ENSG00000243081.2,5.137447393037074e-06,1719
ENSG00000092067.6,5.120851495449407e-06,1720
ENSG00000204131.9,5.109143189696681e-06,1721
ENSG00000206077.13,5.099425850198252e-06,1722
ENSG00000211934.3,5.055327380990888e-06,1723
ENSG00000115474.7,5.054526130556118e-06,1724
ENSG00000273828.2,5.052119483879785e-06,1725
ENSG00000100368.14,5.0234070158424714e-06,1726
ENSG00000146205.14,4.952337455179056e-06,1727
ENSG00000109794.13,4.948562689898745e-06,1728
ENSG00000122254.7,4.942835542077705e-06,1729
ENSG00000089250.19,4.922467791446047e-06,1730
ENSG00000131386.19,4.921588612502492e-06,1731
ENSG00000185869.15,4.901318168471748e-06,1732
ENSG00000185567.7,4.814540950356604e-06,1733
ENSG00000170775.3,4.806988042850888e-06,1734
ENSG00000152580.8,4.793483902548965e-06,1735
ENSG00000258274.1,4.789369408692819e-06,1736
ENSG00000167244.21,4.781807981502898e-06,1737
ENSG00000145936.9,4.741824614868125e-06,1738
ENSG00000179954.16,4.727481843608927e-06,1739
ENSG00000135702.14,4.710863786391278e-06,1740
ENSG00000215156.5,4.662076952125695e-06,1741
ENSG00000228847.1,4.6599231651107285e-06,1742
ENSG00000076662.10,4.6239980668285605e-06,1743
ENSG00000249279.6,4.6218031326741555e-06,1744
ENSG00000185681.13,4.601903056295462e-06,1745
ENSG00000133392.18,4.58815433464717e-06,1746
ENSG00000078328.22,4.575795005746152e-06,1747
ENSG00000224057.1,4.534543312747719e-06,1748
ENSG00000221866.9,4.53148428359765e-06,1749
ENSG00000172137.19,4.4734831353781315e-06,1750
ENSG00000123407.4,4.470028844876192e-06,1751
ENSG00000228696.10,4.465975395203937e-06,1752
ENSG00000276168.1,4.455642056069567e-06,1753
ENSG00000164659.15,4.450295452722857e-06,1754
ENSG00000068615.19,4.436374503593165e-06,1755
ENSG00000147027.4,4.416986522212496e-06,1756
ENSG00000166147.14,4.4108538774767905e-06,1757
ENSG00000158560.14,4.393483592741266e-06,1758
ENSG00000172915.18,4.383712476317329e-06,1759
ENSG00000243244.7,4.373440042092665e-06,1760
ENSG00000248409.2,4.370685173385555e-06,1761
ENSG00000124203.6,4.36745912414048e-06,1762
ENSG00000123612.16,4.366325499064147e-06,1763
ENSG00000138308.6,4.357295525525459e-06,1764
ENSG00000156475.18,4.350250846070828e-06,1765
ENSG00000152578.13,4.334982126868951e-06,1766
ENSG00000149451.18,4.334780646528257e-06,1767
ENSG00000263089.1,4.300851540508709e-06,1768
ENSG00000134138.20,4.289392293766958e-06,1769
ENSG00000224940.9,4.2862314538352425e-06,1770
ENSG00000155974.12,4.277994426929768e-06,1771
ENSG00000123570.4,4.2707077338299725e-06,1772
ENSG00000254122.3,4.26774789307365e-06,1773
ENSG00000253131.1,4.252400745166476e-06,1774
ENSG00000141052.18,4.250415083756157e-06,1775
ENSG00000280323.1,4.249684372730479e-06,1776
ENSG00000258754.8,4.241613327325122e-06,1777
ENSG00000214691.9,4.2346572163696334e-06,1778
ENSG00000176971.4,4.233835032460466e-06,1779
ENSG00000138685.17,4.2301413062331925e-06,1780
ENSG00000107186.17,4.221451340915645e-06,1781
ENSG00000075213.11,4.220631083422133e-06,1782
ENSG00000153404.14,4.213495990327696e-06,1783
ENSG00000166532.16,4.203524744275003e-06,1784
ENSG00000167780.12,4.196253996920531e-06,1785
ENSG00000106018.14,4.183991181003485e-06,1786
ENSG00000089041.17,4.179928464971577e-06,1787
ENSG00000148516.22,4.170685830467878e-06,1788
ENSG00000181072.11,4.147594923809682e-06,1789
ENSG00000263264.2,4.144998987698569e-06,1790
ENSG00000212916.4,4.136989084309727e-06,1791
ENSG00000149256.16,4.134375235947646e-06,1792
ENSG00000104879.5,4.123072078457154e-06,1793
ENSG00000249669.10,4.1227307917163035e-06,1794
ENSG00000106571.15,4.120334781555521e-06,1795
ENSG00000241278.1,4.09964976960108e-06,1796
ENSG00000184564.11,4.0994273863933885e-06,1797
ENSG00000170786.12,4.0682106309979176e-06,1798
ENSG00000205181.7,4.067478455956228e-06,1799
ENSG00000221890.6,4.057786210558804e-06,1800
ENSG00000132437.18,4.054540428992698e-06,1801
ENSG00000229676.3,4.045884155171461e-06,1802
ENSG00000226237.2,4.038357374076854e-06,1803
ENSG00000266891.1,4.03152313898293e-06,1804
ENSG00000100433.16,4.006599098646316e-06,1805
ENSG00000241158.7,3.999474145689601e-06,1806
ENSG00000070087.14,3.9860784598346075e-06,1807
ENSG00000151640.13,3.980258892455673e-06,1808
ENSG00000187098.17,3.967171102767337e-06,1809
ENSG00000129654.8,3.928452043705585e-06,1810
ENSG00000260641.1,3.885338516231878e-06,1811
ENSG00000167964.13,3.830957706149652e-06,1812
ENSG00000273971.1,3.828262592840764e-06,1813
ENSG00000225978.3,3.827318606457445e-06,1814
ENSG00000227191.8,3.823928591864902e-06,1815
ENSG00000185745.10,3.822844922084009e-06,1816
ENSG00000118271.12,3.813763692012804e-06,1817
ENSG00000167748.11,3.8007431219954707e-06,1818
ENSG00000175920.18,3.7853960774989743e-06,1819
ENSG00000214376.6,3.7664268720770844e-06,1820
ENSG00000288065.1,3.764193257189259e-06,1821
ENSG00000142973.14,3.7534301945715444e-06,1822
ENSG00000072133.11,3.7507735235623095e-06,1823
ENSG00000171811.14,3.7130580576343365e-06,1824
ENSG00000275896.6,3.686212240314016e-06,1825
ENSG00000271856.1,3.6687301692645125e-06,1826
ENSG00000238246.1,3.662940601032755e-06,1827
ENSG00000260877.2,3.616456749164677e-06,1828
ENSG00000152402.11,3.579881202862598e-06,1829
ENSG00000196139.14,3.5511438325192388e-06,1830
ENSG00000160201.12,3.535746609797022e-06,1831
ENSG00000273374.1,3.51467503291269e-06,1832
ENSG00000196747.4,3.4877811707275983e-06,1833
ENSG00000153162.9,3.4862094781083686e-06,1834
ENSG00000127364.4,3.465330570158343e-06,1835
ENSG00000269918.1,3.440886507012346e-06,1836
ENSG00000197457.10,3.419784386251726e-06,1837
ENSG00000188171.16,3.402988994061075e-06,1838
ENSG00000211667.3,3.3825711748575585e-06,1839
ENSG00000164694.17,3.373531907816452e-06,1840
ENSG00000198865.10,3.3638517073638218e-06,1841
ENSG00000163606.11,3.3601176490300415e-06,1842
ENSG00000157404.16,3.3589358624335763e-06,1843
ENSG00000147041.12,3.355829664047248e-06,1844
ENSG00000211973.2,3.3473232323469673e-06,1845
ENSG00000235888.3,3.3326924728105407e-06,1846
ENSG00000128918.15,3.3246213634792114e-06,1847
ENSG00000160182.3,3.3191174137740353e-06,1848
ENSG00000268758.7,3.3085225150036293e-06,1849
ENSG00000112175.8,3.3060326421041052e-06,1850
ENSG00000234769.7,3.2922371187783184e-06,1851
ENSG00000005513.10,3.2802593200580103e-06,1852
ENSG00000282995.1,3.2504879729940665e-06,1853
ENSG00000260903.3,3.247040243350247e-06,1854
ENSG00000155093.19,3.2357989738309452e-06,1855
ENSG00000211637.2,3.225292508146325e-06,1856
ENSG00000152583.12,3.218494050170151e-06,1857
ENSG00000134321.12,3.176306046478068e-06,1858
ENSG00000183775.11,3.1759800937893223e-06,1859
ENSG00000120457.12,3.175277002842046e-06,1860
ENSG00000287446.1,3.1591671828340064e-06,1861
ENSG00000286722.1,3.1383194705237812e-06,1862
ENSG00000271130.1,3.12311658924822e-06,1863
ENSG00000186790.6,3.1091526823320614e-06,1864
ENSG00000165186.12,3.095947094983024e-06,1865
ENSG00000204421.3,3.092634077344009e-06,1866
ENSG00000158865.12,3.0902794614321217e-06,1867
ENSG00000146038.12,3.086556466934806e-06,1868
ENSG00000108823.16,3.065354161536787e-06,1869
ENSG00000109101.8,3.0564299874687172e-06,1870
ENSG00000226812.2,3.0548736315640633e-06,1871
ENSG00000178162.8,3.043893620348846e-06,1872
ENSG00000135426.16,3.032935218320004e-06,1873
ENSG00000129048.7,3.0287889313914943e-06,1874
ENSG00000253846.2,3.008235442768083e-06,1875
ENSG00000185641.6,2.97710541219249e-06,1876
ENSG00000119698.12,2.958882851836608e-06,1877
ENSG00000079263.19,2.914455102381932e-06,1878
ENSG00000165794.10,2.8992855314319343e-06,1879
ENSG00000225972.1,2.8768239655994415e-06,1880
ENSG00000112494.10,2.8695094246221005e-06,1881
ENSG00000253605.1,2.8563415721235115e-06,1882
ENSG00000167656.5,2.8478618245078927e-06,1883
ENSG00000047648.23,2.841716588309447e-06,1884
ENSG00000147257.15,2.840560276419019e-06,1885
ENSG00000134061.5,2.8391172892841393e-06,1886
ENSG00000081818.4,2.8375239469524735e-06,1887
ENSG00000072657.9,2.8127730654665746e-06,1888
ENSG00000133321.11,2.7863570000245343e-06,1889
ENSG00000210144.1,2.7770798841010476e-06,1890
ENSG00000270116.1,2.770389218742835e-06,1891
ENSG00000173376.14,2.767123250062049e-06,1892
ENSG00000075073.15,2.7608990559475374e-06,1893
ENSG00000237975.7,2.758089142823609e-06,1894
ENSG00000153823.19,2.743245167900232e-06,1895
ENSG00000179603.18,2.730851397526685e-06,1896
ENSG00000105750.15,2.713639443711951e-06,1897
ENSG00000262406.3,2.708625680696413e-06,1898
ENSG00000072694.21,2.706549968160303e-06,1899
ENSG00000082074.19,2.7047788839749727e-06,1900
ENSG00000054803.4,2.66672661671125e-06,1901
ENSG00000243466.1,2.664891944589566e-06,1902
ENSG00000211685.3,2.6623858397734725e-06,1903
ENSG00000144649.9,2.647562247219033e-06,1904
ENSG00000236347.1,2.645723203477888e-06,1905
ENSG00000172403.11,2.645026594691094e-06,1906
ENSG00000184368.16,2.643005935463482e-06,1907
ENSG00000197614.11,2.6277874059755452e-06,1908
ENSG00000287048.1,2.626201805732089e-06,1909
ENSG00000197415.12,2.6237429092716956e-06,1910
ENSG00000213762.12,2.6202318512711115e-06,1911
ENSG00000288048.1,2.6128815854221972e-06,1912
ENSG00000214814.7,2.604085343503208e-06,1913
ENSG00000181234.9,2.596206496816286e-06,1914
ENSG00000118849.10,2.5641908960331405e-06,1915
ENSG00000170689.10,2.5500309804679796e-06,1916
ENSG00000135898.10,2.5424972089762748e-06,1917
ENSG00000163431.13,2.540706458013597e-06,1918
ENSG00000180347.13,2.537235510156968e-06,1919
ENSG00000183066.14,2.52809745510019e-06,1920
ENSG00000139865.16,2.527967828979262e-06,1921
ENSG00000174469.23,2.519409961807293e-06,1922
ENSG00000168269.10,2.5095193937805445e-06,1923
ENSG00000267640.6,2.4974472541519472e-06,1924
ENSG00000183454.18,2.4923011553484773e-06,1925
ENSG00000171724.3,2.4920384123482153e-06,1926
ENSG00000188487.12,2.4797514486047934e-06,1927
ENSG00000178053.20,2.4787428504750892e-06,1928
ENSG00000196664.5,2.476357482891155e-06,1929
ENSG00000173705.9,2.4570661153527004e-06,1930
ENSG00000230204.1,2.45702751248365e-06,1931
ENSG00000105737.9,2.4480574578173077e-06,1932
ENSG00000188403.7,2.4475739349452652e-06,1933
ENSG00000174899.12,2.445158564812958e-06,1934
ENSG00000042980.13,2.4412037499933117e-06,1935
ENSG00000256546.2,2.4301093686032487e-06,1936
ENSG00000046889.19,2.4267590667845958e-06,1937
ENSG00000176884.16,2.414628329600121e-06,1938
ENSG00000211964.3,2.4146176596001096e-06,1939
ENSG00000172673.11,2.406004784121135e-06,1940
ENSG00000251867.4,2.3901011389448414e-06,1941
ENSG00000277639.2,2.381404247424645e-06,1942
ENSG00000144820.8,2.3777293658078554e-06,1943
ENSG00000184515.11,2.3749840250277917e-06,1944
ENSG00000179813.7,2.3721623594777116e-06,1945
ENSG00000116711.10,2.368157992810795e-06,1946
ENSG00000144278.15,2.3641547345334364e-06,1947
ENSG00000166959.8,2.3633037077276588e-06,1948
ENSG00000110079.18,2.3522499952333977e-06,1949
ENSG00000174175.17,2.3355878122153848e-06,1950
ENSG00000144821.10,2.330588239150008e-06,1951
ENSG00000215146.5,2.321451264899348e-06,1952
ENSG00000149289.11,2.3179155427211047e-06,1953
ENSG00000181631.7,2.3109563770812775e-06,1954
ENSG00000178662.16,2.3008069789580868e-06,1955
ENSG00000211649.3,2.3005709530063244e-06,1956
ENSG00000123119.12,2.2929398849014975e-06,1957
ENSG00000182253.15,2.292634501361096e-06,1958
ENSG00000214425.8,2.2836943779025446e-06,1959
ENSG00000173762.8,2.2782178200065754e-06,1960
ENSG00000229261.1,2.242805072323605e-06,1961
ENSG00000131016.17,2.2223052753376295e-06,1962
ENSG00000128815.19,2.221617058074041e-06,1963
ENSG00000198523.6,2.2166713751354905e-06,1964
ENSG00000184163.3,2.2114041301004027e-06,1965
ENSG00000169271.3,2.210666998604531e-06,1966
ENSG00000280119.1,2.2062134587605556e-06,1967
ENSG00000166106.3,2.1940721985532117e-06,1968
ENSG00000077264.15,2.187374862334954e-06,1969
ENSG00000253368.4,2.1801861089570095e-06,1970
ENSG00000255545.8,2.1777016188178388e-06,1971
ENSG00000144045.14,2.1656630048706752e-06,1972
ENSG00000106004.5,2.1630576904639324e-06,1973
ENSG00000167588.13,2.1586704152063717e-06,1974
ENSG00000108602.18,2.1570607967182265e-06,1975
ENSG00000271178.1,2.1476130269933753e-06,1976
ENSG00000256340.8,2.1304015490165544e-06,1977
ENSG00000145864.14,2.1277772634231975e-06,1978
ENSG00000211966.2,2.1238548085529622e-06,1979
ENSG00000259803.7,2.1225622449899736e-06,1980
ENSG00000112874.10,2.121921693606511e-06,1981
ENSG00000242766.1,2.113591956465347e-06,1982
ENSG00000253742.1,2.109749383098387e-06,1983
ENSG00000169715.15,2.097854633489447e-06,1984
ENSG00000153132.13,2.0868154085804e-06,1985
ENSG00000132911.5,2.0783753178517865e-06,1986
ENSG00000254988.1,2.0711819327681546e-06,1987
ENSG00000109846.9,2.066247883324024e-06,1988
ENSG00000250208.6,2.056012687529862e-06,1989
ENSG00000145358.6,2.051099330646884e-06,1990
ENSG00000044459.15,2.0498422628682656e-06,1991
ENSG00000255833.2,2.045441831157e-06,1992
ENSG00000155886.11,2.0436273178481808e-06,1993
ENSG00000143816.8,2.0402615166498135e-06,1994
ENSG00000167554.15,2.0323936680948488e-06,1995
ENSG00000250312.8,2.026245763682375e-06,1996
ENSG00000204967.12,2.0155161176313037e-06,1997
ENSG00000005102.14,2.0001833365338705e-06,1998
ENSG00000256817.1,1.9681283505497997e-06,1999
ENSG00000233254.1,1.966644929872463e-06,2000
ENSG00000170579.17,1.962814699233595e-06,2001
ENSG00000090104.12,1.959978887297052e-06,2002
ENSG00000167653.5,1.95393292932599e-06,2003
ENSG00000130844.19,1.9521310889724896e-06,2004
ENSG00000210049.1,1.9495855407769617e-06,2005
ENSG00000115297.11,1.9484307793849953e-06,2006
ENSG00000211933.2,1.9471497200706115e-06,2007
ENSG00000259345.7,1.944174420965578e-06,2008
ENSG00000168491.10,1.9332257194118132e-06,2009
ENSG00000115590.14,1.931538295800632e-06,2010
ENSG00000277075.2,1.925062154390544e-06,2011
ENSG00000211599.2,1.924987226292214e-06,2012
ENSG00000236404.10,1.9221690971402674e-06,2013
ENSG00000213967.11,1.9030877606545065e-06,2014
ENSG00000203727.4,1.893992990706567e-06,2015
ENSG00000140379.9,1.8845766335133013e-06,2016
ENSG00000277282.1,1.8808659512291403e-06,2017
ENSG00000171766.17,1.8619203598313639e-06,2018
ENSG00000276952.1,1.8280467535976578e-06,2019
ENSG00000158528.12,1.8248865011713602e-06,2020
ENSG00000131459.13,1.820602443157047e-06,2021
ENSG00000276476.3,1.8179301484837512e-06,2022
ENSG00000197083.11,1.8165551301262557e-06,2023
ENSG00000181036.14,1.813777973722952e-06,2024
ENSG00000196172.9,1.8116557478652406e-06,2025
ENSG00000256001.2,1.8093330765549314e-06,2026
ENSG00000101443.18,1.802253412496224e-06,2027
ENSG00000188452.14,1.8011445328602934e-06,2028
ENSG00000242327.1,1.7999140215794021e-06,2029
ENSG00000176919.13,1.7944286768042e-06,2030
ENSG00000241743.4,1.794267357906121e-06,2031
ENSG00000259341.2,1.7876285653631523e-06,2032
ENSG00000232677.9,1.784634943491876e-06,2033
ENSG00000203785.9,1.77538651769069e-06,2034
ENSG00000167992.13,1.7608826339286657e-06,2035
ENSG00000231764.10,1.7520425874539789e-06,2036
ENSG00000276775.1,1.751889486230496e-06,2037
ENSG00000136695.15,1.7468588446791006e-06,2038
ENSG00000233101.10,1.7452852991637325e-06,2039
ENSG00000106511.6,1.7415905375351764e-06,2040
ENSG00000211679.2,1.7350334868143576e-06,2041
ENSG00000182870.13,1.6970856998596515e-06,2042
ENSG00000115596.4,1.6935803972238116e-06,2043
ENSG00000185974.7,1.6917238583611945e-06,2044
ENSG00000160471.13,1.686226126059384e-06,2045
ENSG00000224961.3,1.6719217089142526e-06,2046
ENSG00000268756.1,1.657716319545813e-06,2047
ENSG00000266524.3,1.63997292975851e-06,2048
ENSG00000228113.7,1.6257345988215183e-06,2049
ENSG00000201363.2,1.6190316158062634e-06,2050
ENSG00000163041.13,1.6024269202941524e-06,2051
ENSG00000181195.11,1.5960812489444498e-06,2052
ENSG00000000005.6,1.5927723967225867e-06,2053
ENSG00000243264.2,1.591072740050715e-06,2054
ENSG00000156299.13,1.5834086972054343e-06,2055
ENSG00000171812.13,1.5716713696494862e-06,2056
ENSG00000128596.17,1.5628702806686977e-06,2057
ENSG00000196900.5,1.5580976361338224e-06,2058
ENSG00000137674.4,1.5511586478030155e-06,2059
ENSG00000243709.1,1.5429946527901894e-06,2060
ENSG00000240864.3,1.538580638772458e-06,2061
ENSG00000187094.12,1.5304877335625202e-06,2062
ENSG00000253691.2,1.524054673733237e-06,2063
ENSG00000185615.16,1.5231694977546543e-06,2064
ENSG00000215492.6,1.5126678428549455e-06,2065
ENSG00000205277.9,1.500949774868649e-06,2066
ENSG00000138435.16,1.4968836111844723e-06,2067
ENSG00000172782.12,1.4892087868649026e-06,2068
ENSG00000121769.8,1.4841233194029733e-06,2069
ENSG00000152763.17,1.4733806919488513e-06,2070
ENSG00000154764.6,1.4656615100444831e-06,2071
ENSG00000106178.7,1.462211460587752e-06,2072
ENSG00000258708.1,1.457275750525544e-06,2073
ENSG00000117152.14,1.4538815010048798e-06,2074
ENSG00000185942.13,1.4474884454494723e-06,2075
ENSG00000236212.2,1.4411349835189517e-06,2076
ENSG00000106541.12,1.4383246800164337e-06,2077
ENSG00000182798.10,1.4277024136517187e-06,2078
ENSG00000228630.5,1.406812323887708e-06,2079
ENSG00000162722.9,1.4038245566787982e-06,2080
ENSG00000124882.4,1.3975121087966229e-06,2081
ENSG00000151224.13,1.3896975747126047e-06,2082
ENSG00000070190.13,1.3799274149218484e-06,2083
ENSG00000250295.6,1.3731671106379166e-06,2084
ENSG00000272235.1,1.3669250789915354e-06,2085
ENSG00000272505.1,1.3667280259290318e-06,2086
ENSG00000189229.11,1.363943500995377e-06,2087
ENSG00000258837.1,1.3603492060506165e-06,2088
ENSG00000138100.14,1.3499319047070968e-06,2089
ENSG00000164920.9,1.339663099153906e-06,2090
ENSG00000240041.1,1.3394878508873085e-06,2091
ENSG00000036565.15,1.3392055643172554e-06,2092
ENSG00000236345.1,1.3375632684418478e-06,2093
ENSG00000254174.1,1.3314245953968807e-06,2094
ENSG00000240875.6,1.3219146789137053e-06,2095
ENSG00000237550.5,1.318849197708519e-06,2096
ENSG00000278484.1,1.3182379432703884e-06,2097
ENSG00000181449.4,1.3167405073031278e-06,2098
ENSG00000116690.13,1.3044622089025425e-06,2099
ENSG00000247157.7,1.2929339303249354e-06,2100
ENSG00000100078.4,1.2853354117095087e-06,2101
ENSG00000156219.17,1.284913430158449e-06,2102
ENSG00000230715.3,1.284760184950281e-06,2103
ENSG00000009765.15,1.282639715878334e-06,2104
ENSG00000262714.1,1.2794734287044497e-06,2105
ENSG00000111701.7,1.2722488270235175e-06,2106
ENSG00000205940.8,1.2654580046528904e-06,2107
ENSG00000204740.11,1.2640966169773393e-06,2108
ENSG00000135472.9,1.2533920670809269e-06,2109
ENSG00000203690.13,1.2423124670626838e-06,2110
ENSG00000122121.11,1.2421875505411112e-06,2111
ENSG00000244558.6,1.2391911208312598e-06,2112
ENSG00000166523.8,1.237846760086999e-06,2113
ENSG00000269994.3,1.2336811046011838e-06,2114
ENSG00000099954.18,1.2322093971032005e-06,2115
ENSG00000187017.17,1.2217210439008448e-06,2116
ENSG00000123388.4,1.2145285312408829e-06,2117
ENSG00000114115.10,1.203884686907164e-06,2118
ENSG00000187534.6,1.2020227095642256e-06,2119
ENSG00000125046.15,1.2009655183932919e-06,2120
ENSG00000198626.17,1.1967204536696351e-06,2121
ENSG00000249119.1,1.193955411878752e-06,2122
ENSG00000262576.3,1.1839312447160618e-06,2123
ENSG00000056998.20,1.1673023728102511e-06,2124
ENSG00000177839.7,1.1642906250588235e-06,2125
ENSG00000130054.5,1.1553276900507185e-06,2126
ENSG00000197172.10,1.1493464480443594e-06,2127
ENSG00000211935.3,1.1434428706338928e-06,2128
ENSG00000156096.14,1.143175960988535e-06,2129
ENSG00000251584.2,1.1200775285329767e-06,2130
ENSG00000109610.6,1.1198539232406873e-06,2131
ENSG00000262155.2,1.1060621030054313e-06,2132
ENSG00000089820.16,1.105562400245394e-06,2133
ENSG00000108576.10,1.0948554252960523e-06,2134
ENSG00000250337.7,1.0845074805370403e-06,2135
ENSG00000214223.4,1.0809682663995094e-06,2136
ENSG00000177694.16,1.0772028343197794e-06,2137
ENSG00000226085.3,1.0726731699836777e-06,2138
ENSG00000121005.9,1.0675147442339849e-06,2139
ENSG00000167759.13,1.0662231289919324e-06,2140
ENSG00000219146.1,1.0600555999392575e-06,2141
ENSG00000158714.11,1.058388551743596e-06,2142
ENSG00000282870.1,1.0416126811511391e-06,2143
ENSG00000197016.12,1.0413718839368234e-06,2144
ENSG00000274997.2,1.0248014954013983e-06,2145
ENSG00000140279.13,1.0143095967490935e-06,2146
ENSG00000134193.15,1.0076367296868082e-06,2147
ENSG00000235244.4,1.0027029986094667e-06,2148
ENSG00000180806.5,1.0014025230494354e-06,2149
ENSG00000140093.10,1.0008464577315327e-06,2150
ENSG00000283526.1,9.985660258120748e-07,2151
ENSG00000170011.14,9.966157687785134e-07,2152
ENSG00000104760.17,9.943711848399268e-07,2153
ENSG00000220583.1,9.868086326860852e-07,2154
ENSG00000161270.20,9.828079688710229e-07,2155
ENSG00000228278.5,9.70880846263636e-07,2156
ENSG00000276603.1,9.696832223115935e-07,2157
ENSG00000255474.1,9.643510398150157e-07,2158
ENSG00000267383.7,9.604709012534549e-07,2159
ENSG00000203907.9,9.582537934533557e-07,2160
ENSG00000139737.22,9.485873951352774e-07,2161
ENSG00000113889.14,9.442952181081384e-07,2162
ENSG00000248810.2,9.310199523748497e-07,2163
ENSG00000119042.17,9.296206256960226e-07,2164
ENSG00000187566.6,9.285067165719669e-07,2165
ENSG00000204959.4,9.084057265149925e-07,2166
ENSG00000232788.1,9.012315291035579e-07,2167
ENSG00000266200.6,8.991739297753442e-07,2168
ENSG00000286502.1,8.957318441852059e-07,2169
ENSG00000160181.9,8.810638416624033e-07,2170
ENSG00000226580.1,8.780139703739044e-07,2171
ENSG00000288585.1,8.76593564664201e-07,2172
ENSG00000143921.9,8.762384808781421e-07,2173
ENSG00000138207.14,8.641132658798622e-07,2174
ENSG00000179133.15,8.608876494177801e-07,2175
ENSG00000124557.12,8.386067555584928e-07,2176
ENSG00000240563.2,8.234791678143094e-07,2177
ENSG00000179331.3,8.191943101898946e-07,2178
ENSG00000135314.12,8.12660922490732e-07,2179
ENSG00000276368.2,8.01655037973577e-07,2180
ENSG00000142484.7,8.00647208136763e-07,2181
ENSG00000115355.17,7.961718470243623e-07,2182
ENSG00000124343.14,7.906876627139202e-07,2183
ENSG00000249363.1,7.886947411900155e-07,2184
ENSG00000231703.2,7.865085997194879e-07,2185
ENSG00000223612.3,7.715822553513411e-07,2186
ENSG00000156076.10,7.682707575313779e-07,2187
ENSG00000157765.13,7.58459730463733e-07,2188
ENSG00000262943.7,7.491586916072217e-07,2189
ENSG00000109472.14,7.352481364216419e-07,2190
ENSG00000211594.2,7.317842384513291e-07,2191
ENSG00000197140.15,7.268695051791266e-07,2192
ENSG00000166589.13,7.225094286252263e-07,2193
ENSG00000149043.16,7.188954467008219e-07,2194
ENSG00000268903.1,7.076498927137002e-07,2195
ENSG00000174885.13,6.96210253967119e-07,2196
ENSG00000178796.13,6.861329495949082e-07,2197
ENSG00000205517.13,6.850627795145743e-07,2198
ENSG00000256377.6,6.848714999206112e-07,2199
ENSG00000124635.9,6.833533501396741e-07,2200
ENSG00000261754.2,6.656801279946683e-07,2201
ENSG00000258752.2,6.578749699434683e-07,2202
ENSG00000231747.1,6.529852616011521e-07,2203
ENSG00000114923.17,6.510454662577231e-07,2204
ENSG00000179761.12,6.354689920002829e-07,2205
ENSG00000140254.12,6.265127429033055e-07,2206
ENSG00000235847.2,6.240425589050478e-07,2207
ENSG00000148123.15,6.225736014766387e-07,2208
ENSG00000196553.15,6.149010935875269e-07,2209
ENSG00000265763.4,6.136189670634373e-07,2210
ENSG00000081052.13,6.108416014079427e-07,2211
ENSG00000151490.15,6.068029980640988e-07,2212
ENSG00000172139.15,5.967412817898246e-07,2213
ENSG00000215386.13,5.896430297962497e-07,2214
ENSG00000121413.13,5.805687111366425e-07,2215
ENSG00000226314.8,5.800795327698107e-07,2216
ENSG00000254415.3,5.579215066408826e-07,2217
ENSG00000144596.13,5.575605029345796e-07,2218
ENSG00000224769.1,5.493593243255424e-07,2219
ENSG00000134042.14,5.455683493605009e-07,2220
ENSG00000168772.11,5.318173862950582e-07,2221
ENSG00000229456.1,5.196543866178647e-07,2222
ENSG00000227947.2,5.19654386617863e-07,2223
ENSG00000126353.3,4.7643815922151303e-07,2224
ENSG00000200156.1,4.7234795039821273e-07,2225
ENSG00000157680.15,4.659418084856696e-07,2226
ENSG00000184925.12,4.651604224066951e-07,2227
ENSG00000225616.2,4.475567416635775e-07,2228
ENSG00000261770.1,4.4703639233343166e-07,2229
ENSG00000181392.17,4.461355938567335e-07,2230
ENSG00000276070.5,4.3929370847623847e-07,2231
ENSG00000279141.3,4.3412600503558105e-07,2232
ENSG00000270225.1,4.3063133976364205e-07,2233
ENSG00000109205.16,4.2993773946322856e-07,2234
ENSG00000213058.3,4.2402768148390825e-07,2235
ENSG00000168685.15,4.1247464726790975e-07,2236
ENSG00000108511.10,4.102157955355753e-07,2237
ENSG00000198846.6,4.0502803863830185e-07,2238
ENSG00000005421.9,3.838982237547042e-07,2239
ENSG00000279166.1,3.838945623587842e-07,2240
ENSG00000196862.10,3.7330843044745433e-07,2241
ENSG00000154451.14,3.163188807071356e-07,2242
ENSG00000198829.6,3.059785496916094e-07,2243
ENSG00000234663.7,3.023371343596973e-07,2244
ENSG00000263740.2,2.7598498624857076e-07,2245
ENSG00000186676.3,2.7250069534411393e-07,2246
ENSG00000240990.10,2.6613485645985546e-07,2247
ENSG00000258647.6,1.8863714038517905e-07,2248
ENSG00000163751.4,1.6390076698199897e-07,2249
ENSG00000226777.7,1.4910153509344673e-07,2250
ENSG00000287527.1,1.4451492058482558e-07,2251
ENSG00000109738.11,1.4375683265576206e-07,2252
ENSG00000154252.12,9.863482758085182e-08,2253
ENSG00000266976.3,1.0196757490444367e-18,2254
ENSG00000212939.2,9.627367578288716e-19,2255
ENSG00000057149.16,8.077047273414916e-19,2256
ENSG00000249509.1,7.501977528398633e-19,2257
ENSG00000237032.1,7.260607469813332e-19,2258
ENSG00000152977.10,6.332286430167355e-19,2259
ENSG00000279024.1,6.229704088158248e-19,2260
ENSG00000134545.14,6.201175002070236e-19,2261
ENSG00000235736.1,6.146156650184971e-19,2262
ENSG00000279078.1,6.114584031431598e-19,2263
ENSG00000279281.1,6.1057964556457485e-19,2264
ENSG00000278637.2,5.722722650237654e-19,2265
ENSG00000186910.4,5.608982657365099e-19,2266
ENSG00000181408.4,5.368142567433902e-19,2267
ENSG00000196353.11,5.345530953813522e-19,2268
ENSG00000280997.1,5.312736282294752e-19,2269
ENSG00000278275.2,5.248859017362418e-19,2270
ENSG00000230269.7,5.201036512290234e-19,2271
ENSG00000286534.1,5.179658483003176e-19,2272
ENSG00000259680.5,5.157019481223878e-19,2273
ENSG00000221867.9,4.956837465774484e-19,2274
ENSG00000201321.1,4.953431464374714e-19,2275
ENSG00000203414.2,4.832699155219689e-19,2276
ENSG00000278041.1,4.650018295522562e-19,2277
ENSG00000265203.2,4.560374639858834e-19,2278
ENSG00000213401.10,4.464601683127913e-19,2279
ENSG00000185247.15,4.349490330824552e-19,2280
ENSG00000131482.10,4.338830025190491e-19,2281
ENSG00000113196.3,4.3114810262056026e-19,2282
ENSG00000187987.9,4.2687792490160366e-19,2283
ENSG00000284636.1,4.266167709930063e-19,2284
ENSG00000234224.3,4.264694738829849e-19,2285
ENSG00000241449.6,4.215578417875602e-19,2286
ENSG00000248383.5,4.1567830780779036e-19,2287
ENSG00000236824.2,4.0597655557153273e-19,2288
ENSG00000250971.3,4.0230521652253016e-19,2289
ENSG00000233999.3,4.016553869526228e-19,2290
ENSG00000170054.16,3.988184905530626e-19,2291
ENSG00000179455.10,3.956009393519642e-19,2292
ENSG00000224271.7,3.924106876274607e-19,2293
ENSG00000242575.1,3.8736830945055116e-19,2294
ENSG00000276850.5,3.872158312683795e-19,2295
ENSG00000234147.1,3.858815694340208e-19,2296
ENSG00000286478.1,3.8421397732409693e-19,2297
ENSG00000279029.1,3.8256819957369427e-19,2298
ENSG00000286997.1,3.795616519004509e-19,2299
ENSG00000089225.20,3.7904163569870335e-19,2300
ENSG00000166796.12,3.785218188844241e-19,2301
ENSG00000201098.1,3.7810314912648663e-19,2302
ENSG00000261583.1,3.723879297613057e-19,2303
ENSG00000286289.1,3.711325110630664e-19,2304
ENSG00000227471.9,3.646398559529237e-19,2305
ENSG00000276566.1,3.595934042146602e-19,2306
ENSG00000249742.2,3.592907848022115e-19,2307
ENSG00000182601.7,3.5441880742850413e-19,2308
ENSG00000264727.1,3.4979459502480765e-19,2309
ENSG00000278588.2,3.496640233568897e-19,2310
ENSG00000211678.2,3.4938451584566547e-19,2311
ENSG00000266019.1,3.4533813669273494e-19,2312
ENSG00000122733.12,3.4330109031444694e-19,2313
ENSG00000231683.6,3.4179243680829443e-19,2314
ENSG00000205056.8,3.4140866996854684e-19,2315
ENSG00000012504.15,3.404623438077929e-19,2316
ENSG00000165985.10,3.3736258240335364e-19,2317
ENSG00000236526.1,3.3218515294765263e-19,2318
ENSG00000264424.1,3.3212847537750244e-19,2319
ENSG00000264755.1,3.309619120741172e-19,2320
ENSG00000196859.8,3.280419480795883e-19,2321
ENSG00000175874.10,3.277215558381393e-19,2322
ENSG00000261329.6,3.268739072506471e-19,2323
ENSG00000107014.9,3.257821834786355e-19,2324
ENSG00000231535.7,3.252046039025891e-19,2325
ENSG00000086506.3,3.2429615262047777e-19,2326
ENSG00000281181.1,3.2142051156607053e-19,2327
ENSG00000286924.1,3.169547465485273e-19,2328
ENSG00000214776.12,3.163425209945065e-19,2329
ENSG00000229133.1,3.1524596161039937e-19,2330
ENSG00000219222.1,3.1394703562535965e-19,2331
ENSG00000253497.1,3.1299838982234884e-19,2332
ENSG00000240086.7,3.1158155274938737e-19,2333
ENSG00000234235.1,3.114370341913144e-19,2334
ENSG00000083622.8,3.1019674059756075e-19,2335
ENSG00000229092.2,3.0910223190615825e-19,2336
ENSG00000229921.7,3.083946179865349e-19,2337
ENSG00000265933.5,3.0790026171184065e-19,2338
ENSG00000249049.1,3.0718601714372355e-19,2339
ENSG00000286314.1,3.044835087850331e-19,2340
ENSG00000282012.1,3.0067845819591044e-19,2341
ENSG00000215915.10,3.005538191991101e-19,2342
ENSG00000275379.2,3.0004906843188596e-19,2343
ENSG00000229503.1,2.994202162717206e-19,2344
ENSG00000228663.1,2.98767870957226e-19,2345
ENSG00000171102.14,2.9844650893048627e-19,2346
ENSG00000253338.1,2.9836278494031154e-19,2347
ENSG00000211645.2,2.9659530859237833e-19,2348
ENSG00000228709.1,2.962938260336952e-19,2349
ENSG00000135925.9,2.959060948627228e-19,2350
ENSG00000250829.2,2.9506799683203817e-19,2351
ENSG00000197893.14,2.9488657379640716e-19,2352
ENSG00000176406.23,2.9440693941912427e-19,2353
ENSG00000158816.15,2.9366237404690653e-19,2354
ENSG00000160200.18,2.931790689963861e-19,2355
ENSG00000238741.1,2.8985149209469557e-19,2356
ENSG00000239899.3,2.864133937064633e-19,2357
ENSG00000279021.1,2.8520263302568264e-19,2358
ENSG00000248791.1,2.8505982699974396e-19,2359
ENSG00000156574.10,2.830249116851648e-19,2360
ENSG00000250069.1,2.822506452832865e-19,2361
ENSG00000229814.1,2.819962804844342e-19,2362
ENSG00000226539.1,2.8159473614424606e-19,2363
ENSG00000287684.1,2.8137774814142477e-19,2364
ENSG00000165071.15,2.808380440087036e-19,2365
ENSG00000253626.3,2.8029816798304385e-19,2366
ENSG00000237991.3,2.8009049801614485e-19,2367
ENSG00000165309.14,2.7698115017059173e-19,2368
ENSG00000168267.7,2.763012527471238e-19,2369
ENSG00000286071.1,2.7597784222236045e-19,2370
ENSG00000237730.1,2.702500449805987e-19,2371
ENSG00000223637.7,2.698970714494622e-19,2372
ENSG00000231119.2,2.6956134848139896e-19,2373
ENSG00000244642.3,2.6932370583182423e-19,2374
ENSG00000255398.3,2.6876022543721683e-19,2375
ENSG00000204889.10,2.686408567850996e-19,2376
ENSG00000177551.5,2.678894529510747e-19,2377
ENSG00000261208.1,2.6788312249456745e-19,2378
ENSG00000124678.20,2.673877740132396e-19,2379
ENSG00000286959.1,2.6720914281364706e-19,2380
ENSG00000227877.7,2.6719343783446666e-19,2381
ENSG00000197705.10,2.667803691727047e-19,2382
ENSG00000118137.10,2.6548949844222536e-19,2383
ENSG00000250697.2,2.6545214771704153e-19,2384
ENSG00000236107.10,2.651652393476879e-19,2385
ENSG00000286329.1,2.6378223953616463e-19,2386
ENSG00000007171.18,2.62638476103525e-19,2387
ENSG00000255893.1,2.617705728040694e-19,2388
ENSG00000271569.1,2.5998200209114034e-19,2389
ENSG00000285627.1,2.5945148818778876e-19,2390
ENSG00000265142.9,2.5838109581332347e-19,2391
ENSG00000196427.13,2.5792859312715873e-19,2392
ENSG00000286458.1,2.5672330139488416e-19,2393
ENSG00000135914.6,2.5606504600801916e-19,2394
ENSG00000183833.16,2.552320086089906e-19,2395
ENSG00000177984.7,2.5301558385374834e-19,2396
ENSG00000186047.10,2.514445643526439e-19,2397
ENSG00000285879.1,2.510854032363386e-19,2398
ENSG00000109181.12,2.4996055787448304e-19,2399
ENSG00000155011.9,2.4716737326629063e-19,2400
ENSG00000214259.3,2.4533493199132815e-19,2401
ENSG00000242407.1,2.445058440131825e-19,2402
ENSG00000236279.7,2.443251321549643e-19,2403
ENSG00000087128.10,2.4404351359901547e-19,2404
ENSG00000164532.11,2.438346042341698e-19,2405
ENSG00000242516.2,2.437750690235973e-19,2406
ENSG00000166535.20,2.43529693749e-19,2407
ENSG00000184845.4,2.4102925126794265e-19,2408
ENSG00000262539.1,2.384764577177924e-19,2409
ENSG00000227077.3,2.381081377657772e-19,2410
ENSG00000120054.12,2.3642388640771023e-19,2411
ENSG00000222037.5,2.3472055558108807e-19,2412
ENSG00000116183.11,2.3453631807255265e-19,2413
ENSG00000169962.5,2.3235876907712046e-19,2414
ENSG00000211640.4,2.3232822350622103e-19,2415
ENSG00000171557.17,2.317844867231942e-19,2416
ENSG00000277223.1,2.3090568464076525e-19,2417
ENSG00000265787.2,2.3041685511984433e-19,2418
ENSG00000254349.6,2.3001366787137936e-19,2419
ENSG00000260802.1,2.296161230444438e-19,2420
ENSG00000211965.4,2.286950437316296e-19,2421
ENSG00000206159.11,2.282195783861279e-19,2422
ENSG00000260725.1,2.277101004431925e-19,2423
ENSG00000264853.1,2.2731519139895734e-19,2424
ENSG00000181617.6,2.271232003779423e-19,2425
ENSG00000134551.13,2.2628238210685405e-19,2426
ENSG00000133665.13,2.242654225782182e-19,2427
ENSG00000205847.6,2.2418744202086983e-19,2428
ENSG00000165125.22,2.2277809982545515e-19,2429
ENSG00000228363.2,2.2149661598329693e-19,2430
ENSG00000102524.11,2.210295677734405e-19,2431
ENSG00000170523.3,2.1960810206736195e-19,2432
ENSG00000286964.1,2.195373110376444e-19,2433
ENSG00000268182.6,2.1894242813030896e-19,2434
ENSG00000151834.16,2.181818479805244e-19,2435
ENSG00000105205.7,2.1802844153455086e-19,2436
ENSG00000204965.9,2.179874347631926e-19,2437
ENSG00000250682.6,2.1745487283746896e-19,2438
ENSG00000197635.11,2.1716909285567407e-19,2439
ENSG00000173612.10,2.1675507889489288e-19,2440
ENSG00000206585.1,2.1576882487101723e-19,2441
ENSG00000213025.2,2.1434944653577796e-19,2442
ENSG00000198681.7,2.1401241334159461e-19,2443
ENSG00000256124.6,2.1305475083953175e-19,2444
ENSG00000138075.14,2.1296878218281735e-19,2445
ENSG00000132874.15,2.12939438947619e-19,2446
ENSG00000113494.17,2.123389665449708e-19,2447
ENSG00000279662.1,2.108954067407245e-19,2448
ENSG00000172236.18,2.1029718600236731e-19,2449
ENSG00000230873.9,2.101482644957047e-19,2450
ENSG00000104313.20,2.0956280307525558e-19,2451
ENSG00000136352.19,2.0942766956710985e-19,2452
ENSG00000231752.6,2.0897011416694757e-19,2453
ENSG00000211625.2,2.0887282970941651e-19,2454
ENSG00000269954.2,2.075981162767999e-19,2455
ENSG00000267147.2,2.0753615509344938e-19,2456
ENSG00000256973.1,2.0635427916714874e-19,2457
ENSG00000163564.15,2.0608010610915576e-19,2458
ENSG00000286144.1,2.0469336307274428e-19,2459
ENSG00000176771.17,2.0383434208581902e-19,2460
ENSG00000067048.17,2.031005873567911e-19,2461
ENSG00000287069.1,2.030469108096668e-19,2462
ENSG00000253818.1,2.0299666626088906e-19,2463
ENSG00000230606.11,2.0273412420320885e-19,2464
ENSG00000151789.12,2.0256604984544507e-19,2465
ENSG00000248461.3,2.0150144933833925e-19,2466
ENSG00000161652.12,2.0146187416228998e-19,2467
ENSG00000259867.6,2.010937874294324e-19,2468
ENSG00000149294.17,2.00485095435299e-19,2469
ENSG00000180061.10,2.0027686494767455e-19,2470
ENSG00000250159.7,2.0005600024552396e-19,2471
ENSG00000260658.6,2.0003363621013526e-19,2472
ENSG00000259490.2,1.998550268139623e-19,2473
ENSG00000149531.15,1.9938370823505489e-19,2474
ENSG00000188536.13,1.9846641283979038e-19,2475
ENSG00000134516.18,1.9810611294226275e-19,2476
ENSG00000125207.7,1.9760375448590283e-19,2477
ENSG00000185774.16,1.971353595851282e-19,2478
ENSG00000108551.5,1.970245334206649e-19,2479
ENSG00000007350.17,1.967920110613445e-19,2480
ENSG00000263520.1,1.9561859264831813e-19,2481
ENSG00000272602.6,1.940317558154538e-19,2482
ENSG00000278727.1,1.9368684168285225e-19,2483
ENSG00000273295.1,1.9352726736783154e-19,2484
ENSG00000086967.10,1.9186418452792592e-19,2485
ENSG00000127249.15,1.9133466929721373e-19,2486
ENSG00000188257.12,1.9025312309001298e-19,2487
ENSG00000204644.10,1.8990360767433892e-19,2488
ENSG00000159247.13,1.8928900483047824e-19,2489
ENSG00000124575.7,1.8899013591146782e-19,2490
ENSG00000174236.4,1.8846513030939258e-19,2491
ENSG00000270182.1,1.876684294254057e-19,2492
ENSG00000240869.3,1.866508468677111e-19,2493
ENSG00000267476.1,1.8636334373603454e-19,2494
ENSG00000263711.6,1.850191129188514e-19,2495
ENSG00000115353.11,1.837352673194656e-19,2496
ENSG00000172482.5,1.8350885909031347e-19,2497
ENSG00000213130.3,1.834551494682492e-19,2498
ENSG00000179344.16,1.8340344480065758e-19,2499
ENSG00000237111.1,1.831384506250572e-19,2500
ENSG00000257345.2,1.8263053453931703e-19,2501
ENSG00000163630.11,1.820990903515724e-19,2502
ENSG00000127252.7,1.8123147491560594e-19,2503
ENSG00000111432.4,1.8110251543906843e-19,2504
ENSG00000176887.7,1.8110156244286527e-19,2505
ENSG00000247134.7,1.8091094010849896e-19,2506
ENSG00000144824.21,1.8086774042611624e-19,2507
ENSG00000230658.2,1.7992355073020096e-19,2508
ENSG00000230215.1,1.799209243552605e-19,2509
ENSG00000047936.11,1.7950222634118036e-19,2510
ENSG00000182487.12,1.790413020972134e-19,2511
ENSG00000287555.1,1.787220687491031e-19,2512
ENSG00000139055.7,1.7844437237005268e-19,2513
ENSG00000188227.13,1.7786081122695087e-19,2514
ENSG00000105398.4,1.7774557737742677e-19,2515
ENSG00000211659.2,1.7766214756684331e-19,2516
ENSG00000269514.3,1.776120237358116e-19,2517
ENSG00000137959.16,1.7735766848982524e-19,2518
ENSG00000283208.2,1.7729119174983194e-19,2519
ENSG00000146285.14,1.7698651437384837e-19,2520
ENSG00000162641.20,1.7691657101870828e-19,2521
ENSG00000113211.5,1.7683989396442992e-19,2522
ENSG00000255007.1,1.7636700127401057e-19,2523
ENSG00000288234.1,1.7560693210727125e-19,2524
ENSG00000267123.7,1.7525982997053634e-19,2525
ENSG00000224114.1,1.7492165234163e-19,2526
ENSG00000185155.12,1.7437344070175646e-19,2527
ENSG00000167011.9,1.742900410915792e-19,2528
ENSG00000225746.13,1.7245291758104572e-19,2529
ENSG00000169213.7,1.713179370661219e-19,2530
ENSG00000080166.16,1.7115923595498111e-19,2531
ENSG00000260034.1,1.7104787513296721e-19,2532
ENSG00000050628.20,1.7076846483194515e-19,2533
ENSG00000103310.11,1.7051432996328568e-19,2534
ENSG00000218537.1,1.6925169370246887e-19,2535
ENSG00000164308.17,1.6873916373253767e-19,2536
ENSG00000253553.7,1.6873305955159797e-19,2537
ENSG00000221962.5,1.6840684231008824e-19,2538
ENSG00000144407.9,1.68389778869478e-19,2539
ENSG00000180438.15,1.6739290603390634e-19,2540
ENSG00000178878.13,1.6734213257259798e-19,2541
ENSG00000197479.7,1.6712973425803802e-19,2542
ENSG00000102891.4,1.6710886196212027e-19,2543
ENSG00000100181.22,1.671057587432371e-19,2544
ENSG00000218265.1,1.666400913135587e-19,2545
ENSG00000170356.9,1.659314018225756e-19,2546
ENSG00000171659.15,1.6588314609923724e-19,2547
ENSG00000187474.5,1.6578076654549414e-19,2548
ENSG00000198744.5,1.6450730727795737e-19,2549
ENSG00000232034.1,1.6392899996217837e-19,2550
ENSG00000241859.7,1.6224649281928777e-19,2551
ENSG00000154027.19,1.6121360148251887e-19,2552
ENSG00000170099.6,1.6115064062927157e-19,2553
ENSG00000253348.1,1.6044823639723947e-19,2554
ENSG00000166984.12,1.6041368103191844e-19,2555
ENSG00000253763.1,1.603264021446805e-19,2556
ENSG00000162881.6,1.6019192048160622e-19,2557
ENSG00000266916.7,1.5956376696587263e-19,2558
ENSG00000228427.3,1.5937564771985014e-19,2559
ENSG00000231389.7,1.5904285892134253e-19,2560
ENSG00000285972.1,1.5791855948674493e-19,2561
ENSG00000169474.4,1.5756301139713675e-19,2562
ENSG00000095917.14,1.5740595116877478e-19,2563
ENSG00000242258.1,1.5736368663747578e-19,2564
ENSG00000021488.13,1.5700823287486347e-19,2565
ENSG00000070193.5,1.5674524805766268e-19,2566
ENSG00000210140.1,1.5674159348211488e-19,2567
ENSG00000137033.11,1.56712147431236e-19,2568
ENSG00000169083.18,1.5614449430289505e-19,2569
ENSG00000070985.13,1.555579028790539e-19,2570
ENSG00000141314.13,1.553413117494403e-19,2571
ENSG00000203930.12,1.5498760727798575e-19,2572
ENSG00000237238.3,1.5431018605805582e-19,2573
ENSG00000182732.18,1.5427094760597635e-19,2574
ENSG00000253998.3,1.542503785641446e-19,2575
ENSG00000019505.8,1.5393002958387493e-19,2576
ENSG00000244716.3,1.5361098218613695e-19,2577
ENSG00000189013.14,1.5329293220009871e-19,2578
ENSG00000165863.17,1.5306907360632192e-19,2579
ENSG00000122786.20,1.5285593108125465e-19,2580
ENSG00000174145.8,1.5249517403936246e-19,2581
ENSG00000224817.2,1.5248927515249662e-19,2582
ENSG00000235552.4,1.5140340212838396e-19,2583
ENSG00000128713.14,1.5095867000594492e-19,2584
ENSG00000200312.1,1.5064540135480447e-19,2585
ENSG00000172548.14,1.505431909911927e-19,2586
ENSG00000170624.13,1.5037985817402316e-19,2587
ENSG00000166268.11,1.501503943510706e-19,2588
ENSG00000110680.13,1.5013207850893927e-19,2589
ENSG00000253522.6,1.4885926078932014e-19,2590
ENSG00000258791.9,1.4860138816954827e-19,2591
ENSG00000254911.3,1.4816513069867305e-19,2592
ENSG00000178531.6,1.4794464375901805e-19,2593
ENSG00000286646.1,1.4782044750235244e-19,2594
ENSG00000253250.3,1.4777651090682938e-19,2595
ENSG00000117226.12,1.477630202477793e-19,2596
ENSG00000287692.1,1.4728037150506534e-19,2597
ENSG00000249780.1,1.4688975013845697e-19,2598
ENSG00000287486.1,1.4676140261774273e-19,2599
ENSG00000134463.15,1.464390676848036e-19,2600
ENSG00000166396.13,1.4632628652963531e-19,2601
ENSG00000260908.1,1.458944700751173e-19,2602
ENSG00000259295.6,1.456170129574724e-19,2603
ENSG00000170837.3,1.448105571081595e-19,2604
ENSG00000214832.5,1.4459969493999337e-19,2605
ENSG00000232629.9,1.4374228910387504e-19,2606
ENSG00000122859.5,1.4358903476266796e-19,2607
ENSG00000145794.17,1.4346345911331952e-19,2608
ENSG00000023839.12,1.4295944508488426e-19,2609
ENSG00000184956.16,1.4221891460240764e-19,2610
ENSG00000170396.9,1.421308177597794e-19,2611
ENSG00000286791.1,1.420700275015495e-19,2612
ENSG00000235899.2,1.3980594041735613e-19,2613
ENSG00000039537.14,1.3939930661394953e-19,2614
ENSG00000135638.14,1.3927097379766136e-19,2615
ENSG00000278263.2,1.3899222490131534e-19,2616
ENSG00000213261.3,1.3880096986472983e-19,2617
ENSG00000172322.14,1.387424015525968e-19,2618
ENSG00000210195.2,1.3863530443288052e-19,2619
ENSG00000236283.5,1.3819497154480993e-19,2620
ENSG00000006377.11,1.381145228707302e-19,2621
ENSG00000078814.17,1.3752366353971913e-19,2622
ENSG00000186526.13,1.3737777223011082e-19,2623
ENSG00000207008.1,1.370833556097583e-19,2624
ENSG00000171051.9,1.369484785807817e-19,2625
ENSG00000163209.15,1.3659775656710097e-19,2626
ENSG00000215808.4,1.363043386466839e-19,2627
ENSG00000287591.1,1.361150825536484e-19,2628
ENSG00000102385.12,1.3607270322477846e-19,2629
ENSG00000211665.3,1.3604252464509834e-19,2630
ENSG00000080007.8,1.3597421037115916e-19,2631
ENSG00000171551.12,1.3493467292029848e-19,2632
ENSG00000158516.12,1.3454922929056414e-19,2633
ENSG00000278463.2,1.3426291137765581e-19,2634
ENSG00000278473.1,1.3422779460677468e-19,2635
ENSG00000236496.2,1.3417439524859055e-19,2636
ENSG00000280228.1,1.3394056495069735e-19,2637
ENSG00000253771.6,1.338403488277429e-19,2638
ENSG00000182389.20,1.3364288011565025e-19,2639
ENSG00000172543.8,1.3292730182648492e-19,2640
ENSG00000053108.17,1.3258594149078468e-19,2641
ENSG00000168621.15,1.32029717668241e-19,2642
ENSG00000185988.15,1.3116662181791741e-19,2643
ENSG00000206172.8,1.31136261665163e-19,2644
ENSG00000226465.3,1.307734121937235e-19,2645
ENSG00000133980.5,1.3047219248512558e-19,2646
ENSG00000070886.12,1.3045613025022706e-19,2647
ENSG00000255310.2,1.3036648707297795e-19,2648
ENSG00000177822.8,1.29208289733576e-19,2649
ENSG00000274641.2,1.283806091878054e-19,2650
ENSG00000279878.1,1.2834029244918414e-19,2651
ENSG00000122877.16,1.2696808418078635e-19,2652
ENSG00000187912.12,1.268388298766575e-19,2653
ENSG00000120262.10,1.2670190432684684e-19,2654
ENSG00000119508.18,1.2578836975119375e-19,2655
ENSG00000130477.15,1.2569992857048113e-19,2656
ENSG00000224078.15,1.256658523142712e-19,2657
ENSG00000249307.7,1.2545540258667465e-19,2658
ENSG00000105877.18,1.2520051538638285e-19,2659
ENSG00000244383.2,1.248212831258778e-19,2660
ENSG00000172578.12,1.2441922008902636e-19,2661
ENSG00000140522.12,1.2429581322266516e-19,2662
ENSG00000177409.12,1.2426521079825917e-19,2663
ENSG00000158517.15,1.2392897072929427e-19,2664
ENSG00000279541.1,1.236720139720445e-19,2665
ENSG00000254221.2,1.2332377231040758e-19,2666
ENSG00000188916.9,1.23322340852551e-19,2667
ENSG00000199568.1,1.2255378509199418e-19,2668
ENSG00000159450.12,1.2206377373751543e-19,2669
ENSG00000217236.2,1.2150820490303767e-19,2670
ENSG00000197863.9,1.2101624177771697e-19,2671
ENSG00000104921.15,1.2092096263409546e-19,2672
ENSG00000260015.1,1.2085819378057066e-19,2673
ENSG00000186973.11,1.2022898762336365e-19,2674
ENSG00000269981.1,1.2009534358638303e-19,2675
ENSG00000138755.6,1.1996792679107728e-19,2676
ENSG00000224094.1,1.1988993038031856e-19,2677
ENSG00000136244.12,1.1960346528928328e-19,2678
ENSG00000130203.10,1.1915968264714209e-19,2679
ENSG00000196437.12,1.188868882291807e-19,2680
ENSG00000132517.15,1.1872811639138587e-19,2681
ENSG00000184635.16,1.1803996914732231e-19,2682
ENSG00000111344.11,1.1777853922676363e-19,2683
ENSG00000115850.10,1.1762213489198366e-19,2684
ENSG00000236431.1,1.1720635547820515e-19,2685
ENSG00000145192.13,1.1679672343500906e-19,2686
ENSG00000213976.4,1.1652796560940213e-19,2687
ENSG00000158315.11,1.1648772839775468e-19,2688
ENSG00000179542.16,1.1635328703969793e-19,2689
ENSG00000102445.20,1.162291241408172e-19,2690
ENSG00000186474.15,1.1617787749011595e-19,2691
ENSG00000253485.2,1.1593409973460944e-19,2692
ENSG00000204538.4,1.1587653078022598e-19,2693
ENSG00000273108.1,1.1579333421252482e-19,2694
ENSG00000240668.1,1.15404060004133e-19,2695
ENSG00000283907.1,1.1491291025948186e-19,2696
ENSG00000211950.2,1.1441325122348118e-19,2697
ENSG00000232406.7,1.1411378157518253e-19,2698
ENSG00000135917.16,1.1409554707283777e-19,2699
ENSG00000207425.1,1.140238915974356e-19,2700
ENSG00000170558.10,1.1390750924063325e-19,2701
ENSG00000158089.15,1.1386813003109195e-19,2702
ENSG00000234665.9,1.1380864132850354e-19,2703
ENSG00000229996.1,1.1307219024223487e-19,2704
ENSG00000166823.5,1.1272104156600115e-19,2705
ENSG00000213988.11,1.124817004886558e-19,2706
ENSG00000175084.12,1.1209615838327456e-19,2707
ENSG00000198692.10,1.1194196386519475e-19,2708
ENSG00000288075.1,1.1176689495647007e-19,2709
ENSG00000285933.1,1.1145852720724578e-19,2710
ENSG00000182885.17,1.114089081911099e-19,2711
ENSG00000143452.16,1.112803556534741e-19,2712
ENSG00000241635.8,1.10850426620075e-19,2713
ENSG00000172000.7,1.1081010774203777e-19,2714
ENSG00000258498.8,1.1078867578331868e-19,2715
ENSG00000198835.4,1.1065886155250247e-19,2716
ENSG00000253508.1,1.104258834207081e-19,2717
ENSG00000146555.19,1.1014043948514795e-19,2718
ENSG00000258053.1,1.1004233470497532e-19,2719
ENSG00000280135.1,1.1001315931644825e-19,2720
ENSG00000267470.6,1.0978159905758467e-19,2721
ENSG00000236581.9,1.0937953108136923e-19,2722
ENSG00000132938.21,1.0933619027368063e-19,2723
ENSG00000241294.1,1.092054418102297e-19,2724
ENSG00000179388.9,1.0885600566050372e-19,2725
ENSG00000161905.13,1.0873350646610546e-19,2726
ENSG00000280339.1,1.086430879444004e-19,2727
ENSG00000175509.8,1.0839301817858522e-19,2728
ENSG00000214485.6,1.0789593731781953e-19,2729
ENSG00000060982.15,1.078675157267109e-19,2730
ENSG00000170577.8,1.0783830642392061e-19,2731
ENSG00000225489.7,1.0715915157501329e-19,2732
ENSG00000091129.21,1.070495984206898e-19,2733
ENSG00000110080.20,1.0674398582732957e-19,2734
ENSG00000218014.1,1.0669983141660757e-19,2735
ENSG00000153064.12,1.0647526091308413e-19,2736
ENSG00000262152.7,1.0646964489392185e-19,2737
ENSG00000251791.1,1.0640728853415708e-19,2738
ENSG00000196735.13,1.060458055402898e-19,2739
ENSG00000133019.12,1.0600568308842891e-19,2740
ENSG00000163508.13,1.0563994608797645e-19,2741
ENSG00000229153.5,1.0544901951580632e-19,2742
ENSG00000155070.8,1.0538916305243526e-19,2743
ENSG00000187122.17,1.0504067836864756e-19,2744
ENSG00000183971.10,1.0498465127092638e-19,2745
ENSG00000211978.2,1.0491260406020143e-19,2746
ENSG00000228719.1,1.0477313672693397e-19,2747
ENSG00000286004.1,1.0459148384948623e-19,2748
ENSG00000280411.1,1.0444726259452494e-19,2749
ENSG00000198732.11,1.0431515882781221e-19,2750
ENSG00000103355.13,1.0411911159855889e-19,2751
ENSG00000198515.16,1.0397573126481839e-19,2752
ENSG00000154874.15,1.0383894833006186e-19,2753
ENSG00000273906.1,1.0367329601969159e-19,2754
ENSG00000239528.1,1.0361578125032602e-19,2755
ENSG00000211962.2,1.0352245234547959e-19,2756
ENSG00000176171.11,1.0350381295086406e-19,2757
ENSG00000165181.16,1.0311875540011615e-19,2758
ENSG00000204033.10,1.0305260849766952e-19,2759
ENSG00000223459.6,1.0301254371294755e-19,2760
ENSG00000163737.4,1.0277840947115602e-19,2761
ENSG00000250378.4,1.0275253731402533e-19,2762
ENSG00000234975.6,1.0254165403430211e-19,2763
ENSG00000172061.9,1.0248288221469823e-19,2764
ENSG00000211976.2,1.0179658644058416e-19,2765
ENSG00000161896.12,1.0178407406890836e-19,2766
ENSG00000143028.9,1.015973210176481e-19,2767
ENSG00000197520.10,1.0152283565967272e-19,2768
ENSG00000284606.1,1.0141063198832072e-19,2769
ENSG00000154556.18,1.0137659891052227e-19,2770
ENSG00000184226.15,1.0133205630637723e-19,2771
ENSG00000128714.6,1.0123972680124031e-19,2772
ENSG00000196092.14,1.0110280715679387e-19,2773
ENSG00000215148.11,1.0107587072308458e-19,2774
ENSG00000105409.19,1.0052438348826626e-19,2775
ENSG00000234928.1,9.995604563761686e-20,2776
ENSG00000278963.1,9.955012041437667e-20,2777
ENSG00000137561.5,9.951742214861957e-20,2778
ENSG00000165899.11,9.947895587332122e-20,2779
ENSG00000273305.1,9.936100336416595e-20,2780
ENSG00000126778.12,9.932018042038504e-20,2781
ENSG00000188488.14,9.895779252665092e-20,2782
ENSG00000274265.5,9.842668126157952e-20,2783
ENSG00000272070.1,9.829394937941269e-20,2784
ENSG00000284377.1,9.826576940778964e-20,2785
ENSG00000074410.14,9.796192157770975e-20,2786
ENSG00000279544.1,9.793611351428903e-20,2787
ENSG00000186715.11,9.76799613537294e-20,2788
ENSG00000267934.1,9.763017199424787e-20,2789
ENSG00000211937.3,9.75236595936392e-20,2790
ENSG00000112195.9,9.752123895942001e-20,2791
ENSG00000284966.3,9.721262454781642e-20,2792
ENSG00000049247.14,9.705722414291769e-20,2793
ENSG00000057593.14,9.688513933560183e-20,2794
ENSG00000153060.8,9.674418817785781e-20,2795
ENSG00000186431.19,9.623588848068427e-20,2796
ENSG00000166670.10,9.616862797221157e-20,2797
ENSG00000257743.8,9.585825253012148e-20,2798
ENSG00000211651.3,9.567510136653667e-20,2799
ENSG00000279652.1,9.558323289487794e-20,2800
ENSG00000136573.14,9.544157670039413e-20,2801
ENSG00000283498.1,9.542922782034729e-20,2802
ENSG00000106031.9,9.507704333017881e-20,2803
ENSG00000253709.1,9.501961854868559e-20,2804
ENSG00000103723.16,9.428506987758355e-20,2805
ENSG00000254838.5,9.405655334766362e-20,2806
ENSG00000168412.6,9.362719893706375e-20,2807
ENSG00000162739.14,9.338429477578575e-20,2808
ENSG00000163520.14,9.333897834180899e-20,2809
ENSG00000243694.3,9.315093324750672e-20,2810
ENSG00000166148.4,9.314886105241273e-20,2811
ENSG00000171658.8,9.310868429197811e-20,2812
ENSG00000145113.22,9.258941916839e-20,2813
ENSG00000101842.14,9.247938620444131e-20,2814
ENSG00000078018.20,9.229977607556128e-20,2815
ENSG00000230076.1,9.229626995372214e-20,2816
ENSG00000160808.11,9.212142439376255e-20,2817
ENSG00000175741.5,9.203037250659558e-20,2818
ENSG00000180318.4,9.148803418680949e-20,2819
ENSG00000231133.8,9.141501818987762e-20,2820
ENSG00000060709.15,9.110274813628175e-20,2821
ENSG00000173578.8,9.105154944132715e-20,2822
ENSG00000140287.11,9.043995634336299e-20,2823
ENSG00000243290.3,9.010208330713358e-20,2824
ENSG00000229939.1,8.996798418897415e-20,2825
ENSG00000181374.8,8.949427990199517e-20,2826
ENSG00000152931.9,8.927751340176873e-20,2827
ENSG00000004468.13,8.916271468465848e-20,2828
ENSG00000111341.10,8.891303845232539e-20,2829
ENSG00000118156.12,8.829593093791271e-20,2830
ENSG00000117322.18,8.813857128086726e-20,2831
ENSG00000149527.18,8.767977037265775e-20,2832
ENSG00000204253.4,8.707504893041873e-20,2833
ENSG00000185739.13,8.700924752708778e-20,2834
ENSG00000263535.2,8.690453252373316e-20,2835
ENSG00000224537.1,8.667719502201652e-20,2836
ENSG00000244128.7,8.665561836573086e-20,2837
ENSG00000007952.18,8.637117400619819e-20,2838
ENSG00000226532.1,8.632012733242632e-20,2839
ENSG00000197408.10,8.62623584906369e-20,2840
ENSG00000079215.14,8.598571891089324e-20,2841
ENSG00000139220.17,8.587229993328396e-20,2842
ENSG00000007908.16,8.581006924158559e-20,2843
ENSG00000187908.20,8.553127998796908e-20,2844
ENSG00000287406.1,8.547973853212055e-20,2845
ENSG00000171657.6,8.53894446024435e-20,2846
ENSG00000224650.2,8.537426878590808e-20,2847
ENSG00000165272.16,8.526204575342813e-20,2848
ENSG00000151838.12,8.490498096203498e-20,2849
ENSG00000228956.8,8.477427246751972e-20,2850
ENSG00000104327.7,8.446743006142175e-20,2851
ENSG00000256229.8,8.416380650010126e-20,2852
ENSG00000271204.1,8.415026146583871e-20,2853
ENSG00000180777.14,8.403513019164935e-20,2854
ENSG00000158786.5,8.38835951217584e-20,2855
ENSG00000108924.14,8.366795504493413e-20,2856
ENSG00000249096.7,8.321765097058466e-20,2857
ENSG00000211676.2,8.300877337713817e-20,2858
ENSG00000105668.7,8.297814986992907e-20,2859
ENSG00000106772.18,8.268016340824548e-20,2860
ENSG00000225953.3,8.228111430190965e-20,2861
ENSG00000238249.2,8.197255814965544e-20,2862
ENSG00000235734.4,8.193023094801345e-20,2863
ENSG00000184160.8,8.167341938940891e-20,2864
ENSG00000086548.9,8.139346440340805e-20,2865
ENSG00000276975.3,8.124615395458002e-20,2866
ENSG00000137251.16,8.111224921152747e-20,2867
ENSG00000196549.12,8.096264320464509e-20,2868
ENSG00000260071.2,8.084607395714637e-20,2869
ENSG00000095932.7,8.055485387161609e-20,2870
ENSG00000167332.9,8.053103637867979e-20,2871
ENSG00000248568.1,8.041652344540296e-20,2872
ENSG00000135063.19,8.031276534630336e-20,2873
ENSG00000249916.1,8.024310811811376e-20,2874
ENSG00000198216.12,8.020745920625251e-20,2875
ENSG00000038945.15,8.020602093160816e-20,2876
ENSG00000183918.17,7.983476056104132e-20,2877
ENSG00000202058.1,7.983030556069013e-20,2878
ENSG00000237917.1,7.960231572554817e-20,2879
ENSG00000182263.14,7.918284221066343e-20,2880
ENSG00000132554.20,7.868739268198795e-20,2881
ENSG00000159212.13,7.859337889649413e-20,2882
ENSG00000237125.11,7.771102300006699e-20,2883
ENSG00000215861.6,7.755868343597284e-20,2884
ENSG00000181541.6,7.746060493691741e-20,2885
ENSG00000162782.16,7.743934086657945e-20,2886
ENSG00000132329.11,7.740325384642692e-20,2887
ENSG00000124479.11,7.735889739943748e-20,2888
ENSG00000211942.3,7.734959663932756e-20,2889
ENSG00000146678.10,7.711362134838071e-20,2890
ENSG00000240184.7,7.704006488259199e-20,2891
ENSG00000201998.1,7.654288663931467e-20,2892
ENSG00000139874.6,7.640749378588777e-20,2893
ENSG00000001626.16,7.638757691458301e-20,2894
ENSG00000268104.3,7.594080821990242e-20,2895
ENSG00000234338.1,7.5898609344834e-20,2896
ENSG00000166704.11,7.577948767194133e-20,2897
ENSG00000187621.15,7.541927016802113e-20,2898
ENSG00000213820.3,7.539006330824795e-20,2899
ENSG00000211952.3,7.487517601429486e-20,2900
ENSG00000282639.1,7.433570283285931e-20,2901
ENSG00000100346.18,7.41052220471192e-20,2902
ENSG00000234719.9,7.407575473585438e-20,2903
ENSG00000186684.14,7.369338612020215e-20,2904
ENSG00000159337.7,7.307700784168011e-20,2905
ENSG00000145945.7,7.196713639628624e-20,2906
ENSG00000225217.1,7.194082274698308e-20,2907
ENSG00000138356.14,7.139060068753279e-20,2908
ENSG00000198618.5,7.121804714716388e-20,2909
ENSG00000254126.8,7.119800235120058e-20,2910
ENSG00000159784.18,7.11903899055782e-20,2911
ENSG00000124469.12,7.116001892854417e-20,2912
ENSG00000167419.11,7.10484540623986e-20,2913
ENSG00000271375.1,7.09668284760738e-20,2914
ENSG00000251562.8,7.090056457219994e-20,2915
ENSG00000197153.5,7.072871969302633e-20,2916
ENSG00000019169.10,7.050864728943396e-20,2917
ENSG00000118492.17,7.040842338256765e-20,2918
ENSG00000171004.18,7.029094248879926e-20,2919
ENSG00000220793.5,7.026332795555654e-20,2920
ENSG00000167476.10,6.996836509964136e-20,2921
ENSG00000229391.7,6.995417457002244e-20,2922
ENSG00000230638.4,6.992956529191146e-20,2923
ENSG00000206633.1,6.974875966503114e-20,2924
ENSG00000228065.11,6.933930311906557e-20,2925
ENSG00000274322.1,6.927044128965618e-20,2926
ENSG00000271500.1,6.912452792009889e-20,2927
ENSG00000148346.12,6.911265320329919e-20,2928
ENSG00000231292.6,6.88069567661806e-20,2929
ENSG00000130558.20,6.877897956115126e-20,2930
ENSG00000254256.1,6.857216373601254e-20,2931
ENSG00000127928.13,6.822885937784334e-20,2932
ENSG00000129437.11,6.821509138687134e-20,2933
ENSG00000143627.19,6.813732383061122e-20,2934
ENSG00000276903.2,6.750408623328683e-20,2935
ENSG00000230501.1,6.742252527473854e-20,2936
ENSG00000166250.12,6.695000738084211e-20,2937
ENSG00000122012.14,6.681181959520618e-20,2938
ENSG00000286512.1,6.6803705255457e-20,2939
ENSG00000162747.12,6.655030455746633e-20,2940
ENSG00000237234.7,6.650305439452657e-20,2941
ENSG00000224373.3,6.624717819597994e-20,2942
ENSG00000205918.9,6.615265326163049e-20,2943
ENSG00000091181.20,6.611506949939495e-20,2944
ENSG00000121742.19,6.60770554152497e-20,2945
ENSG00000250266.2,6.604629082122035e-20,2946
ENSG00000211611.2,6.588518486491137e-20,2947
ENSG00000141622.14,6.576817438617068e-20,2948
ENSG00000155970.12,6.561972298165874e-20,2949
ENSG00000171943.12,6.554333955544537e-20,2950
ENSG00000198753.12,6.534340909623371e-20,2951
ENSG00000262209.3,6.516104369505173e-20,2952
ENSG00000170927.15,6.515467499480008e-20,2953
ENSG00000178597.7,6.491469007705513e-20,2954
ENSG00000102924.12,6.459096272024586e-20,2955
ENSG00000212443.1,6.434830889476993e-20,2956
ENSG00000254670.1,6.434450391643099e-20,2957
ENSG00000168907.13,6.430246236033303e-20,2958
ENSG00000198467.16,6.423226139630053e-20,2959
ENSG00000152207.7,6.380682844000239e-20,2960
ENSG00000212402.1,6.310901453730193e-20,2961
ENSG00000137261.14,6.305598169634925e-20,2962
ENSG00000254876.5,6.273571801857029e-20,2963
ENSG00000113249.13,6.270446123132859e-20,2964
ENSG00000132746.15,6.24006825084434e-20,2965
ENSG00000186832.9,6.230324278186762e-20,2966
ENSG00000205622.11,6.228239332686172e-20,2967
ENSG00000159527.3,6.207921214998257e-20,2968
ENSG00000204361.10,6.196664587256559e-20,2969
ENSG00000178715.8,6.178669782291142e-20,2970
ENSG00000260314.3,6.171855784582441e-20,2971
ENSG00000239653.1,6.14202785620954e-20,2972
ENSG00000121898.13,6.132545070049298e-20,2973
ENSG00000128849.11,6.124208632425621e-20,2974
ENSG00000152192.8,6.12350120490123e-20,2975
ENSG00000163792.6,6.085567963579482e-20,2976
ENSG00000140285.12,6.043958475511577e-20,2977
ENSG00000242588.6,6.03278340157215e-20,2978
ENSG00000101049.17,6.020102207299626e-20,2979
ENSG00000144792.9,5.942352371315252e-20,2980
ENSG00000129993.15,5.941967772581355e-20,2981
ENSG00000185686.18,5.940411414355353e-20,2982
ENSG00000232934.8,5.89465290582345e-20,2983
ENSG00000215105.4,5.887619844145303e-20,2984
ENSG00000164188.9,5.878132633977831e-20,2985
ENSG00000167037.19,5.830637342674745e-20,2986
ENSG00000164816.8,5.824887082300774e-20,2987
ENSG00000176593.8,5.791428060703288e-20,2988
ENSG00000170153.11,5.791006810156343e-20,2989
ENSG00000176692.8,5.782460896283738e-20,2990
ENSG00000168298.7,5.774346863889336e-20,2991
ENSG00000102802.10,5.764128399191983e-20,2992
ENSG00000211660.3,5.755472237135494e-20,2993
ENSG00000158481.13,5.746820846128561e-20,2994
ENSG00000169508.7,5.740313561028043e-20,2995
ENSG00000186867.11,5.736266842550386e-20,2996
ENSG00000133687.16,5.72282754820149e-20,2997
ENSG00000237513.2,5.720066336665096e-20,2998
ENSG00000170954.11,5.713756084302178e-20,2999
ENSG00000217094.2,5.710563025523767e-20,3000
ENSG00000227525.4,5.695954076132478e-20,3001
ENSG00000261121.2,5.664971942709295e-20,3002
ENSG00000226054.2,5.648593058067436e-20,3003
ENSG00000205426.10,5.648522940989356e-20,3004
ENSG00000226781.1,5.644646482108069e-20,3005
ENSG00000211753.4,5.597816124759464e-20,3006
ENSG00000140538.16,5.580836425894555e-20,3007
ENSG00000233836.7,5.574474882986722e-20,3008
ENSG00000130303.13,5.54114580929121e-20,3009
ENSG00000231416.1,5.5168329056885e-20,3010
ENSG00000100985.7,5.508931003786327e-20,3011
ENSG00000123454.12,5.480956296199156e-20,3012
ENSG00000091831.24,5.474854882023518e-20,3013
ENSG00000286970.1,5.472775395522428e-20,3014
ENSG00000050730.16,5.471561731980465e-20,3015
ENSG00000165621.8,5.469035123959572e-20,3016
ENSG00000181847.12,5.3911150960780354e-20,3017
ENSG00000206228.4,5.3866508895139093e-20,3018
ENSG00000143429.10,5.379284716717098e-20,3019
ENSG00000231205.11,5.377770710673648e-20,3020
ENSG00000144852.19,5.377657850555578e-20,3021
ENSG00000146197.9,5.355118780123416e-20,3022
ENSG00000160868.15,5.3390125069119005e-20,3023
ENSG00000122592.8,5.31043107792632e-20,3024
ENSG00000055732.13,5.254004812163168e-20,3025
ENSG00000142178.9,5.2532717578514536e-20,3026
ENSG00000143851.15,5.2298546486282014e-20,3027
ENSG00000231412.2,5.2180234042435185e-20,3028
ENSG00000164440.15,5.184138480337521e-20,3029
ENSG00000016490.16,5.146655416114646e-20,3030
ENSG00000225356.3,5.141503939112324e-20,3031
ENSG00000265727.2,5.1051278718833183e-20,3032
ENSG00000236833.1,5.094737573235591e-20,3033
ENSG00000172379.21,5.093140568633326e-20,3034
ENSG00000240652.1,5.092615280177583e-20,3035
ENSG00000170482.17,5.0872184903836244e-20,3036
ENSG00000255774.2,5.083206872241434e-20,3037
ENSG00000229644.6,5.035290297067147e-20,3038
ENSG00000170498.9,5.0068681883407465e-20,3039
ENSG00000268686.2,4.99627636546279e-20,3040
ENSG00000128594.8,4.98315404735276e-20,3041
ENSG00000091656.19,4.971360040476485e-20,3042
ENSG00000134917.10,4.9657030938199444e-20,3043
ENSG00000088756.13,4.954925944457669e-20,3044
ENSG00000237440.9,4.950452745429543e-20,3045
ENSG00000241755.1,4.934422710717443e-20,3046
ENSG00000229005.2,4.9235116311699794e-20,3047
ENSG00000164199.18,4.9021699326806184e-20,3048
ENSG00000211655.3,4.881952936417464e-20,3049
ENSG00000185499.16,4.87778953475989e-20,3050
ENSG00000184730.11,4.874075100101196e-20,3051
ENSG00000175426.11,4.873911346430521e-20,3052
ENSG00000197410.14,4.862362205785516e-20,3053
ENSG00000186281.12,4.8489353383315494e-20,3054
ENSG00000167178.16,4.8238548867122665e-20,3055
ENSG00000286017.1,4.820977982775613e-20,3056
ENSG00000134198.10,4.818803587012114e-20,3057
ENSG00000164483.17,4.798737910726917e-20,3058
ENSG00000204528.3,4.7861256276798356e-20,3059
ENSG00000164485.15,4.777822987338952e-20,3060
ENSG00000228649.9,4.771603117876153e-20,3061
ENSG00000279175.1,4.743984022540125e-20,3062
ENSG00000180229.12,4.718563776754873e-20,3063
ENSG00000203709.12,4.713689381496273e-20,3064
ENSG00000287175.1,4.693903651218476e-20,3065
ENSG00000232721.2,4.681919776868059e-20,3066
ENSG00000106006.6,4.6646580997184266e-20,3067
ENSG00000180447.7,4.591869952142855e-20,3068
ENSG00000110076.19,4.582539147559311e-20,3069
ENSG00000211653.2,4.579537098688403e-20,3070
ENSG00000180869.4,4.5784308706638507e-20,3071
ENSG00000142515.15,4.567177241335198e-20,3072
ENSG00000124391.5,4.5643999936629186e-20,3073
ENSG00000232931.6,4.534166035514742e-20,3074
ENSG00000270547.6,4.529841223060289e-20,3075
ENSG00000257191.1,4.509392112136983e-20,3076
ENSG00000165606.9,4.505955719154266e-20,3077
ENSG00000243238.1,4.493074158574269e-20,3078
ENSG00000174912.7,4.476397503647864e-20,3079
ENSG00000174950.11,4.4261397353101663e-20,3080
ENSG00000100884.9,4.4249705785210044e-20,3081
ENSG00000150667.8,4.4115999987064283e-20,3082
ENSG00000257176.3,4.402475460578269e-20,3083
ENSG00000090402.8,4.3942188304110847e-20,3084
ENSG00000224272.2,4.386727065922127e-20,3085
ENSG00000174599.5,4.37882946231895e-20,3086
ENSG00000242616.4,4.356930917546518e-20,3087
ENSG00000106536.21,4.34710135335858e-20,3088
ENSG00000145649.8,4.337600200298899e-20,3089
ENSG00000196329.11,4.3279594521270713e-20,3090
ENSG00000226312.7,4.322577308901923e-20,3091
ENSG00000094755.17,4.3123952563286774e-20,3092
ENSG00000274290.3,4.3121357862950313e-20,3093
ENSG00000273319.1,4.301886547925882e-20,3094
ENSG00000244137.1,4.301709528208811e-20,3095
ENSG00000144035.4,4.300686002190339e-20,3096
ENSG00000187658.7,4.29754569707629e-20,3097
ENSG00000213822.6,4.2565906125410614e-20,3098
ENSG00000183876.9,4.23415865526608e-20,3099
ENSG00000283288.1,4.23213453555407e-20,3100
ENSG00000179593.16,4.18453091609032e-20,3101
ENSG00000211891.6,4.1841010128769e-20,3102
ENSG00000231475.3,4.1432589798299714e-20,3103
ENSG00000134955.12,4.1387212547930864e-20,3104
ENSG00000242265.6,4.1373863361450655e-20,3105
ENSG00000172116.23,4.132577159357171e-20,3106
ENSG00000211677.2,4.1146038688893715e-20,3107
ENSG00000100505.13,4.0771567304561446e-20,3108
ENSG00000250546.6,4.032991576069722e-20,3109
ENSG00000253227.2,4.0236840664438237e-20,3110
ENSG00000225630.1,3.9891765478254966e-20,3111
ENSG00000137691.13,3.9623008324233195e-20,3112
ENSG00000265554.2,3.9591129647381396e-20,3113
ENSG00000230590.11,3.944451159555499e-20,3114
ENSG00000095637.22,3.918664518814648e-20,3115
ENSG00000260302.3,3.91202252164131e-20,3116
ENSG00000256612.7,3.861150482635598e-20,3117
ENSG00000180596.7,3.83773090126916e-20,3118
ENSG00000241472.7,3.8300387846373526e-20,3119
ENSG00000165194.15,3.787741390800705e-20,3120
ENSG00000169876.14,3.766928171267239e-20,3121
ENSG00000112981.5,3.7576492876644277e-20,3122
ENSG00000181126.13,3.7489907957869407e-20,3123
ENSG00000226891.9,3.747251323830636e-20,3124
ENSG00000102837.7,3.738292688125182e-20,3125
ENSG00000115457.10,3.717250015777112e-20,3126
ENSG00000171517.6,3.7049098871298267e-20,3127
ENSG00000090376.11,3.704278035506615e-20,3128
ENSG00000186231.17,3.683947857081384e-20,3129
ENSG00000276966.2,3.6826582798236023e-20,3130
ENSG00000164484.12,3.665347985390609e-20,3131
ENSG00000183844.17,3.641683383113556e-20,3132
ENSG00000255823.5,3.624483562356518e-20,3133
ENSG00000258483.4,3.572774985433273e-20,3134
ENSG00000273802.2,3.557742674951631e-20,3135
ENSG00000226747.6,3.5095744208944394e-20,3136
ENSG00000287045.1,3.495028649580046e-20,3137
ENSG00000162383.13,3.48993972962799e-20,3138
ENSG00000279693.1,3.466323990975571e-20,3139
ENSG00000112183.15,3.452335129466158e-20,3140
ENSG00000153898.13,3.4366511700895776e-20,3141
ENSG00000100031.19,3.412624614400311e-20,3142
ENSG00000166840.13,3.340196930016379e-20,3143
ENSG00000203326.12,3.298152355615737e-20,3144
ENSG00000070601.10,3.292735351019184e-20,3145
ENSG00000134202.11,3.285603855903515e-20,3146
ENSG00000172551.11,3.2839742802511044e-20,3147
ENSG00000180871.8,3.2667435670485676e-20,3148
ENSG00000211639.2,3.262640161419482e-20,3149
ENSG00000183813.7,3.2473505591684555e-20,3150
ENSG00000248690.8,3.233211132783366e-20,3151
ENSG00000253451.1,3.2282003299404153e-20,3152
ENSG00000111879.20,3.196336608146065e-20,3153
ENSG00000213613.2,3.189886390514524e-20,3154
ENSG00000188039.16,3.184800717350172e-20,3155
ENSG00000183793.14,3.12525014646426e-20,3156
ENSG00000281183.1,3.1180587967198634e-20,3157
ENSG00000118194.20,3.1055314519373185e-20,3158
ENSG00000106819.13,3.1009998618947293e-20,3159
ENSG00000169554.22,3.096524496940896e-20,3160
ENSG00000177398.18,3.091748263657837e-20,3161
ENSG00000224557.7,3.076613045656745e-20,3162
ENSG00000151136.15,3.0550854845373194e-20,3163
ENSG00000267508.6,3.0545680157977686e-20,3164
ENSG00000198774.5,3.031929480762477e-20,3165
ENSG00000107807.13,3.018366440198315e-20,3166
ENSG00000225031.1,3.0130855565391246e-20,3167
ENSG00000244731.8,3.0022116399433453e-20,3168
ENSG00000224276.1,2.9859955298026445e-20,3169
ENSG00000240694.9,2.9771334259813605e-20,3170
ENSG00000180999.11,2.971043886642476e-20,3171
ENSG00000138587.6,2.9567608715931664e-20,3172
ENSG00000266554.2,2.9390624372734967e-20,3173
ENSG00000269825.1,2.919916612432067e-20,3174
ENSG00000178538.10,2.875179092376534e-20,3175
ENSG00000260220.7,2.812721256534929e-20,3176
ENSG00000204186.10,2.7918214114298445e-20,3177
ENSG00000165912.16,2.790949227412789e-20,3178
ENSG00000121895.8,2.763734251817084e-20,3179
ENSG00000164742.16,2.7616144835814417e-20,3180
ENSG00000283930.1,2.74889150736813e-20,3181
ENSG00000154553.16,2.6886190617769454e-20,3182
ENSG00000156738.18,2.6391468541721447e-20,3183
ENSG00000161405.17,2.6074171438102256e-20,3184
ENSG00000163735.7,2.6017366935774984e-20,3185
ENSG00000132970.14,2.5968775301475383e-20,3186
ENSG00000116329.11,2.5943872167688454e-20,3187
ENSG00000241244.1,2.5693035193698707e-20,3188
ENSG00000178445.10,2.554635548793707e-20,3189
ENSG00000187134.14,2.5294302628513872e-20,3190
ENSG00000228217.1,2.525701503328802e-20,3191
ENSG00000177508.12,2.489433457365957e-20,3192
ENSG00000090661.12,2.4798766015444797e-20,3193
ENSG00000248334.6,2.4781156190668844e-20,3194
ENSG00000243232.6,2.4725344544464994e-20,3195
ENSG00000147381.11,2.4684017976308916e-20,3196
ENSG00000101282.9,2.464537155373674e-20,3197
ENSG00000079156.17,2.4616854724997528e-20,3198
ENSG00000223336.1,2.4254860254659294e-20,3199
ENSG00000260317.1,2.4232927910028782e-20,3200
ENSG00000173212.4,2.4206468592523147e-20,3201
ENSG00000196091.15,2.4199164057247834e-20,3202
ENSG00000198286.10,2.40349490576598e-20,3203
ENSG00000129595.14,2.4005779709855788e-20,3204
ENSG00000091513.16,2.3897319301497052e-20,3205
ENSG00000104044.16,2.376861222800922e-20,3206
ENSG00000167912.6,2.3733034987352938e-20,3207
ENSG00000198756.12,2.3548625496342672e-20,3208
ENSG00000185168.5,2.3434448869716212e-20,3209
ENSG00000196542.8,2.306812389917485e-20,3210
ENSG00000131018.24,2.2635957467821332e-20,3211
ENSG00000205571.14,2.258844803032698e-20,3212
ENSG00000132821.12,2.248881291592094e-20,3213
ENSG00000016082.15,2.24645548892329e-20,3214
ENSG00000169851.15,2.2385830524567243e-20,3215
ENSG00000230630.5,2.230704945960912e-20,3216
ENSG00000230409.3,2.2168822787782298e-20,3217
ENSG00000233913.7,2.214569200841217e-20,3218
ENSG00000183273.7,2.2109352682742868e-20,3219
ENSG00000147138.3,2.2022529695587914e-20,3220
ENSG00000254521.7,2.132290365369917e-20,3221
ENSG00000279193.1,2.130329283687444e-20,3222
ENSG00000204950.4,2.1267197082359584e-20,3223
ENSG00000164107.9,2.116140395223995e-20,3224
ENSG00000198075.10,2.092858928815527e-20,3225
ENSG00000106404.14,2.0842742663544453e-20,3226
ENSG00000244198.7,2.071665610947171e-20,3227
ENSG00000187867.10,2.0632093082250955e-20,3228
ENSG00000146530.14,2.0628917316355053e-20,3229
ENSG00000272636.4,2.0175601216474047e-20,3230
ENSG00000172955.17,1.986062304359297e-20,3231
ENSG00000102038.16,1.9813176668076236e-20,3232
ENSG00000126860.12,1.974551119465007e-20,3233
ENSG00000221947.8,1.9686720326857137e-20,3234
ENSG00000173535.15,1.9494102932824515e-20,3235
ENSG00000101084.18,1.93717900796061e-20,3236
ENSG00000142623.11,1.9294859378287685e-20,3237
ENSG00000247627.2,1.8792516219942888e-20,3238
ENSG00000236155.6,1.8465403496514468e-20,3239
ENSG00000182782.8,1.8460407580197687e-20,3240
ENSG00000196482.18,1.8175652362228105e-20,3241
ENSG00000108176.15,1.8143130284458038e-20,3242
ENSG00000139174.12,1.811482354515344e-20,3243
ENSG00000169903.7,1.7849245437266542e-20,3244
ENSG00000076344.16,1.7753232212870556e-20,3245
ENSG00000136457.10,1.7602896469232762e-20,3246
ENSG00000235655.3,1.7543408012969535e-20,3247
ENSG00000169429.11,1.679402158644109e-20,3248
ENSG00000072840.13,1.6764224627150266e-20,3249
ENSG00000253537.3,1.6701702599621842e-20,3250
ENSG00000099958.15,1.669067767498216e-20,3251
ENSG00000124664.11,1.62095786985898e-20,3252
ENSG00000128655.18,1.613943542710899e-20,3253
ENSG00000239335.4,1.6045737442981945e-20,3254
ENSG00000238098.9,1.5666659792093517e-20,3255
ENSG00000118596.12,1.563170731640685e-20,3256
ENSG00000172238.6,1.5535470643373973e-20,3257
ENSG00000165521.15,1.5505759201787254e-20,3258
ENSG00000171291.8,1.545908903216183e-20,3259
ENSG00000037965.6,1.5215347893159476e-20,3260
ENSG00000259134.7,1.4968302698669438e-20,3261
ENSG00000158825.6,1.475301433691843e-20,3262
ENSG00000156564.9,1.4659606944910863e-20,3263
ENSG00000163501.7,1.4539681032415356e-20,3264
ENSG00000244649.5,1.4484721038881873e-20,3265
ENSG00000169946.14,1.4314983829121828e-20,3266
ENSG00000209082.1,1.42818838104286e-20,3267
ENSG00000177990.12,1.4271436729834324e-20,3268
ENSG00000185272.14,1.425658946478167e-20,3269
ENSG00000165757.9,1.4203946850631894e-20,3270
ENSG00000225885.7,1.3288686911831159e-20,3271
ENSG00000138061.12,1.3217574062039744e-20,3272
ENSG00000178947.9,1.3137510404231644e-20,3273
ENSG00000131203.13,1.3131239044294242e-20,3274
ENSG00000130035.9,1.3127909431118134e-20,3275
ENSG00000150201.15,1.3091587068095423e-20,3276
ENSG00000279110.1,1.3025375356701358e-20,3277
ENSG00000204792.2,1.3008551880543442e-20,3278
ENSG00000275713.2,1.255502000283162e-20,3279
ENSG00000141316.13,1.2322706960167934e-20,3280
ENSG00000140481.15,1.2156451464609719e-20,3281
ENSG00000171208.10,1.2147853160298983e-20,3282
ENSG00000267968.1,1.2020039511926929e-20,3283
ENSG00000163568.15,1.1817657181129735e-20,3284
ENSG00000163689.20,1.1726537275994077e-20,3285
ENSG00000165259.14,1.165371520855164e-20,3286
ENSG00000229344.1,1.1455622746590291e-20,3287
ENSG00000165168.8,1.1357702497224256e-20,3288
ENSG00000117834.13,1.1346140222506987e-20,3289
ENSG00000115155.19,1.107588439348915e-20,3290
ENSG00000137970.7,1.100691849915336e-20,3291
ENSG00000139329.5,1.088222998565858e-20,3292
ENSG00000244541.6,1.0455876322206996e-20,3293
ENSG00000270722.1,1.0431275019537649e-20,3294
ENSG00000254369.6,1.0363064105984226e-20,3295
ENSG00000278991.1,1.0295407520966106e-20,3296
ENSG00000150051.14,1.0227045382536055e-20,3297
ENSG00000145934.16,1.008416990271413e-20,3298
ENSG00000251546.1,9.916139310158067e-21,3299
ENSG00000244921.2,9.908817400398366e-21,3300
ENSG00000185818.8,9.84556083290633e-21,3301
ENSG00000171903.16,9.748305927006798e-21,3302
ENSG00000241945.8,9.720410440233969e-21,3303
ENSG00000095970.17,9.234073538642077e-21,3304
ENSG00000169248.13,8.694774375783039e-21,3305
ENSG00000162654.9,7.993973590044646e-21,3306
ENSG00000280587.1,7.730001548998209e-21,3307
ENSG00000172367.16,7.504166587029918e-21,3308
ENSG00000181355.21,7.389629105434305e-21,3309
ENSG00000175886.10,7.3874114075313e-21,3310
ENSG00000136155.17,7.273955991320073e-21,3311
ENSG00000286013.1,6.924611770302486e-21,3312
ENSG00000069188.17,6.919304011181489e-21,3313
ENSG00000250584.3,6.862046200903919e-21,3314
ENSG00000223658.8,6.664064854823323e-21,3315
ENSG00000132704.16,6.647351190481044e-21,3316
ENSG00000184313.20,6.552047059966531e-21,3317
ENSG00000129682.16,6.416614392125004e-21,3318
ENSG00000171827.11,6.392816368657269e-21,3319
ENSG00000261502.4,6.315133732474788e-21,3320
ENSG00000226363.3,6.224953954243485e-21,3321
ENSG00000271303.2,6.20738821444988e-21,3322
ENSG00000205609.13,5.927072557017388e-21,3323
ENSG00000267136.1,5.501821462350104e-21,3324
ENSG00000236449.2,5.4739801365969004e-21,3325
ENSG00000278912.1,5.427251774604379e-21,3326
ENSG00000229204.3,5.3804857716407066e-21,3327
ENSG00000122188.13,5.255175729522726e-21,3328
ENSG00000143297.19,5.071282054701867e-21,3329
ENSG00000159239.13,4.983974820792875e-21,3330
ENSG00000243531.1,4.947625630258094e-21,3331
ENSG00000279891.1,4.897138912091426e-21,3332
ENSG00000136944.19,4.858357477825233e-21,3333
ENSG00000071967.12,4.725050229171829e-21,3334
ENSG00000205189.12,4.650214355140477e-21,3335
ENSG00000145335.17,4.649912736430687e-21,3336
ENSG00000187010.21,4.421693110898062e-21,3337
ENSG00000250385.2,4.187631649753667e-21,3338
ENSG00000104140.7,4.0747412167693865e-21,3339
ENSG00000179477.11,4.048319447423062e-21,3340
ENSG00000161082.13,3.849262039181949e-21,3341
ENSG00000187980.7,3.773281035753108e-21,3342
ENSG00000225345.3,3.687883495498938e-21,3343
ENSG00000160224.17,3.669308977914359e-21,3344
ENSG00000211648.2,3.616679334843675e-21,3345
ENSG00000234456.8,3.590148731188684e-21,3346
ENSG00000280392.1,3.576693293042047e-21,3347
ENSG00000248359.2,3.556547389965805e-21,3348
ENSG00000253853.3,3.404708902374705e-21,3349
ENSG00000109193.12,3.2285322824788548e-21,3350
ENSG00000173253.15,3.1741871864681266e-21,3351
ENSG00000229847.9,3.1602908101207676e-21,3352
ENSG00000258667.2,3.1068801620169108e-21,3353
ENSG00000075673.12,3.0897821032292816e-21,3354
ENSG00000230650.1,3.0375381117011267e-21,3355
ENSG00000254936.4,2.936590343079717e-21,3356
ENSG00000137875.4,2.91552778957688e-21,3357
ENSG00000163534.15,2.826604305564121e-21,3358
ENSG00000262902.1,2.820674345576136e-21,3359
ENSG00000183146.4,2.8076772926307007e-21,3360
ENSG00000171033.13,2.80762919475899e-21,3361
ENSG00000109265.14,2.7916718902138052e-21,3362
ENSG00000113296.14,2.7757149980501466e-21,3363
ENSG00000144426.18,2.7616265885718917e-21,3364
ENSG00000175445.17,2.7458343093136423e-21,3365
ENSG00000129159.9,2.7204616135787228e-21,3366
ENSG00000247675.7,2.7036150925206056e-21,3367
ENSG00000149927.18,2.672308661220397e-21,3368
ENSG00000256870.3,2.6294583219299846e-21,3369
ENSG00000253363.7,2.587829003892457e-21,3370
ENSG00000168032.10,2.58542277708925e-21,3371
ENSG00000183044.12,2.5643805127829365e-21,3372
ENSG00000232177.1,2.5518092675429368e-21,3373
ENSG00000105825.14,2.544398915899807e-21,3374
ENSG00000286051.1,2.5379202559495624e-21,3375
ENSG00000220749.4,2.5184885508337227e-21,3376
ENSG00000198729.5,2.5065892440813585e-21,3377
ENSG00000237877.7,2.493420124579525e-21,3378
ENSG00000167311.14,2.4380208600400977e-21,3379
ENSG00000228492.2,2.4081802651143866e-21,3380
ENSG00000167768.4,2.3807676388857862e-21,3381
ENSG00000228232.1,2.375587468829795e-21,3382
ENSG00000134258.17,2.36992490225479e-21,3383
ENSG00000200795.1,2.363461317956032e-21,3384
ENSG00000250920.3,2.345075396647269e-21,3385
ENSG00000230731.3,2.3343365048587392e-21,3386
ENSG00000265735.2,2.3234791604158727e-21,3387
ENSG00000122574.11,2.303490649675664e-21,3388
ENSG00000260653.6,2.2233589668528978e-21,3389
ENSG00000080293.10,2.161766049187935e-21,3390
ENSG00000174125.8,2.1543734304272873e-21,3391
ENSG00000157890.17,2.131539043767645e-21,3392
ENSG00000188505.5,2.1152770879949304e-21,3393
ENSG00000238273.3,2.1049658342448046e-21,3394
ENSG00000160973.8,2.085736622791179e-21,3395
ENSG00000288531.1,2.0432418929764254e-21,3396
ENSG00000287390.1,2.009799373821329e-21,3397
ENSG00000170477.13,2.0079950628672155e-21,3398
ENSG00000138083.5,2.0040642251735216e-21,3399
ENSG00000048052.22,1.9773433283850784e-21,3400
ENSG00000236333.4,1.975652850418783e-21,3401
ENSG00000276410.4,1.9365721078158874e-21,3402
ENSG00000279307.2,1.921327708974861e-21,3403
ENSG00000254612.2,1.909651768560482e-21,3404
ENSG00000182013.18,1.832528253583898e-21,3405
ENSG00000132840.10,1.817846598895988e-21,3406
ENSG00000278196.3,1.809994191360786e-21,3407
ENSG00000275464.5,1.8096233034765695e-21,3408
ENSG00000070526.15,1.7560445620221253e-21,3409
ENSG00000164627.18,1.7543307841313445e-21,3410
ENSG00000230084.6,1.752867068865499e-21,3411
ENSG00000259856.1,1.7207859740520826e-21,3412
ENSG00000142149.9,1.6905998230294603e-21,3413
ENSG00000156234.7,1.6655625276605228e-21,3414
ENSG00000215018.10,1.6228550350327406e-21,3415
ENSG00000214999.3,1.6111578339078289e-21,3416
ENSG00000198157.11,1.588788667181062e-21,3417
ENSG00000113209.9,1.585182868207167e-21,3418
ENSG00000230107.1,1.5789088314667879e-21,3419
ENSG00000241322.11,1.5735129134037483e-21,3420
ENSG00000232216.1,1.5531849721417562e-21,3421
ENSG00000103044.11,1.5477498315110438e-21,3422
ENSG00000183662.11,1.5449390835818067e-21,3423
ENSG00000213860.4,1.5398685907654598e-21,3424
ENSG00000229618.3,1.528177404212888e-21,3425
ENSG00000170891.11,1.5198647246670392e-21,3426
ENSG00000245080.7,1.5130951468906341e-21,3427
ENSG00000287460.1,1.4946492469470836e-21,3428
ENSG00000238072.1,1.4719669841525133e-21,3429
ENSG00000274414.1,1.415246490481286e-21,3430
ENSG00000130720.13,1.3931552125553544e-21,3431
ENSG00000287900.1,1.3820932325163858e-21,3432
ENSG00000203814.6,1.3813718836747303e-21,3433
ENSG00000203747.12,1.3808023803934977e-21,3434
ENSG00000219159.4,1.3312877850909686e-21,3435
ENSG00000237672.1,1.315420932072093e-21,3436
ENSG00000250271.2,1.2787491414381921e-21,3437
ENSG00000261617.2,1.270674944360932e-21,3438
ENSG00000205420.11,1.2679096377157886e-21,3439
ENSG00000286742.1,1.2531376523594215e-21,3440
ENSG00000067646.12,1.249271171947642e-21,3441
ENSG00000226519.2,1.2316493246585838e-21,3442
ENSG00000206634.1,1.2127959170349587e-21,3443
ENSG00000132429.10,1.2119176071344545e-21,3444
ENSG00000136383.7,1.2089872133788715e-21,3445
ENSG00000117148.8,1.1916724134179027e-21,3446
ENSG00000242950.7,1.1907023210307763e-21,3447
ENSG00000259663.2,1.1771866766708135e-21,3448
ENSG00000211669.3,1.1662012553111824e-21,3449
ENSG00000234498.3,1.111272519842077e-21,3450
ENSG00000148488.17,1.1038791603587639e-21,3451
ENSG00000171049.9,1.0981687357889479e-21,3452
ENSG00000282608.2,1.0909654593599075e-21,3453
ENSG00000224520.2,1.0559631416420456e-21,3454
ENSG00000224060.3,1.0557995050677412e-21,3455
ENSG00000164197.12,1.0229659663453618e-21,3456
ENSG00000136531.18,1.0203151456262934e-21,3457
ENSG00000211673.2,1.0170964805316324e-21,3458
ENSG00000243766.8,1.0113282541181127e-21,3459
ENSG00000237594.2,1.0076835836455989e-21,3460
ENSG00000275714.2,9.597672188235978e-22,3461
ENSG00000138315.13,9.575931882731793e-22,3462
ENSG00000166828.3,9.433052408816786e-22,3463
ENSG00000249628.3,9.23000539806348e-22,3464
ENSG00000142619.4,9.209010658573685e-22,3465
ENSG00000174697.5,9.140689247215328e-22,3466
ENSG00000147606.9,9.137668752773023e-22,3467
ENSG00000185860.13,9.129068621506844e-22,3468
ENSG00000179869.15,9.023015076569274e-22,3469
ENSG00000211592.8,9.01678934950143e-22,3470
ENSG00000236439.4,9.009614678324611e-22,3471
ENSG00000106069.23,8.811325183745196e-22,3472
ENSG00000283199.3,8.745534756621712e-22,3473
ENSG00000173080.6,8.543390201835873e-22,3474
ENSG00000125869.10,8.515863686230782e-22,3475
ENSG00000078589.13,8.514539945166075e-22,3476
ENSG00000146267.12,8.452828542791632e-22,3477
ENSG00000116106.12,8.451435451075352e-22,3478
ENSG00000183242.12,8.181310835191327e-22,3479
ENSG00000227827.3,8.076973454995873e-22,3480
ENSG00000274536.7,7.90624630561193e-22,3481
ENSG00000183625.15,7.785441761226005e-22,3482
ENSG00000233854.2,7.785227637756085e-22,3483
ENSG00000260197.1,7.710120510314173e-22,3484
ENSG00000186310.10,7.626951819832406e-22,3485
ENSG00000257178.5,7.60688649173258e-22,3486
ENSG00000261804.2,7.595590032237089e-22,3487
ENSG00000187240.16,7.455189378993023e-22,3488
ENSG00000250329.1,7.348916150330053e-22,3489
ENSG00000182272.12,7.2034713838365665e-22,3490
ENSG00000197106.7,6.843678029206591e-22,3491
ENSG00000151320.11,6.783777866291225e-22,3492
ENSG00000237070.1,6.454611892483329e-22,3493
ENSG00000137440.5,6.314139178569494e-22,3494
ENSG00000102313.9,6.203423023340953e-22,3495
ENSG00000213260.3,6.151126570918063e-22,3496
ENSG00000124233.12,6.115069549031691e-22,3497
ENSG00000243896.4,5.900258644266437e-22,3498
ENSG00000198788.9,5.850999480358459e-22,3499
ENSG00000211945.2,5.81846809428e-22,3500
ENSG00000237039.1,5.675068989717905e-22,3501
ENSG00000184408.10,5.666108821850077e-22,3502
ENSG00000197646.8,5.58035663176476e-22,3503
ENSG00000164236.12,5.575288920840715e-22,3504
ENSG00000232729.8,5.336659191805103e-22,3505
ENSG00000166923.12,5.057611322883189e-22,3506
ENSG00000159182.5,5.052583500793631e-22,3507
ENSG00000166922.8,4.941808748897569e-22,3508
ENSG00000256916.1,4.869920993417849e-22,3509
ENSG00000131668.14,4.368250095318122e-22,3510
ENSG00000283196.2,4.365904761596442e-22,3511
ENSG00000282651.2,4.357225806407519e-22,3512
ENSG00000170476.16,4.210479004302152e-22,3513
ENSG00000186868.16,4.1756348031476754e-22,3514
ENSG00000149534.9,4.123760156353302e-22,3515
ENSG00000233377.1,4.1012372095952904e-22,3516
ENSG00000270472.2,4.02207143738485e-22,3517
ENSG00000255248.9,3.9735335524276394e-22,3518
ENSG00000277481.1,3.8914315039932516e-22,3519
ENSG00000279432.1,3.8204901003416727e-22,3520
ENSG00000234444.10,3.811469953393003e-22,3521
ENSG00000124116.19,3.6555622631757423e-22,3522
ENSG00000266402.3,3.613423987702367e-22,3523
ENSG00000185811.19,3.5775897823020505e-22,3524
ENSG00000226259.10,3.5651176327338934e-22,3525
ENSG00000277224.2,3.546838554312332e-22,3526
ENSG00000259439.2,3.510919323127247e-22,3527
ENSG00000211666.2,3.501989546935691e-22,3528
ENSG00000173406.16,3.4398022319873976e-22,3529
ENSG00000211593.2,3.364163055332195e-22,3530
ENSG00000225117.2,3.353213897987244e-22,3531
ENSG00000145824.13,3.3411697284458857e-22,3532
ENSG00000251087.3,3.200837469167136e-22,3533
ENSG00000211663.2,3.178771761440581e-22,3534
ENSG00000279006.1,3.0391241334090705e-22,3535
ENSG00000172209.6,3.029216373743818e-22,3536
ENSG00000272918.1,2.9440791451751966e-22,3537
ENSG00000175329.13,2.788527476063462e-22,3538
ENSG00000168754.15,2.756349954705327e-22,3539
ENSG00000181333.12,2.596687788511528e-22,3540
ENSG00000187546.14,2.476349955029384e-22,3541
ENSG00000170629.14,2.455255704394875e-22,3542
ENSG00000163736.4,2.4369279239281443e-22,3543
ENSG00000227038.3,2.384367089930564e-22,3544
ENSG00000241560.7,2.368259110955081e-22,3545
ENSG00000184613.11,2.2620191866936475e-22,3546
ENSG00000112414.15,2.0313758195688698e-22,3547
ENSG00000186188.11,1.935135918969333e-22,3548
ENSG00000260135.7,1.8935057194577317e-22,3549
ENSG00000258918.1,1.8393691717154761e-22,3550
ENSG00000207088.1,1.8355187538141131e-22,3551
ENSG00000128268.12,1.8293265105844688e-22,3552
ENSG00000236090.2,1.7578546712379098e-22,3553
ENSG00000187556.7,1.6851479378343997e-22,3554
ENSG00000223812.8,1.6751758367870628e-22,3555
ENSG00000120322.4,1.6441405074535254e-22,3556
ENSG00000115386.6,1.5894834507616507e-22,3557
ENSG00000277831.1,1.5762691719371618e-22,3558
ENSG00000237945.7,1.5352530106897551e-22,3559
ENSG00000112115.7,1.5248497238008504e-22,3560
ENSG00000115461.5,1.2933338671275043e-22,3561
ENSG00000099260.11,1.2811014355211764e-22,3562
ENSG00000170827.9,1.0977844772663036e-22,3563
ENSG00000211670.2,1.0693789566194307e-22,3564
ENSG00000210112.1,8.402495303134753e-23,3565
ENSG00000196990.9,7.840701151870672e-23,3566
ENSG00000196503.5,6.844479056604727e-23,3567
ENSG00000197794.2,6.787462260321566e-23,3568
ENSG00000165323.15,5.805308588071267e-23,3569
ENSG00000211638.2,0.0,3570
ENSG00000211664.3,0.0,3571
ENSG00000077274.9,0.0,3572
ENSG00000128710.6,0.0,3573
ENSG00000163631.17,0.0,3574
ENSG00000150893.11,0.0,3575
ENSG00000101850.13,0.0,3576
ENSG00000189431.8,0.0,3577
ENSG00000183463.6,0.0,3578
ENSG00000242887.1,0.0,3579
ENSG00000258551.6,0.0,3580
ENSG00000203783.5,0.0,3581
ENSG00000138823.13,0.0,3582
ENSG00000069482.7,0.0,3583
ENSG00000288047.1,0.0,3584
ENSG00000211974.3,0.0,3585
ENSG00000253234.1,0.0,3586
ENSG00000136574.18,0.0,3587
ENSG00000242076.2,0.0,3588
ENSG00000088386.17,0.0,3589
ENSG00000270503.1,0.0,3590
ENSG00000157703.16,0.0,3591
ENSG00000185303.17,0.0,3592
ENSG00000075461.6,0.0,3593
ENSG00000214049.8,0.0,3594
ENSG00000066032.18,0.0,3595
ENSG00000211943.2,0.0,3596
ENSG00000183878.15,0.0,3597
ENSG00000139800.8,0.0,3598
ENSG00000196167.10,0.0,3599
ENSG00000211956.2,0.0,3600
ENSG00000127241.18,0.0,3601
ENSG00000123572.17,0.0,3602
ENSG00000272620.2,0.0,3603
ENSG00000286058.1,0.0,3604
ENSG00000235277.1,0.0,3605
ENSG00000232040.4,0.0,3606
ENSG00000182352.8,0.0,3607
ENSG00000205358.4,0.0,3608
ENSG00000244116.3,0.0,3609
ENSG00000197149.5,0.0,3610
ENSG00000148600.15,0.0,3611
ENSG00000073067.14,0.0,3612
ENSG00000067715.14,0.0,3613
ENSG00000249196.6,0.0,3614
ENSG00000286619.1,0.0,3615
ENSG00000242173.10,0.0,3616
ENSG00000147206.17,0.0,3617
ENSG00000227063.5,0.0,3618
ENSG00000211904.2,0.0,3619
ENSG00000173641.18,0.0,3620
ENSG00000107105.15,0.0,3621
ENSG00000164651.17,0.0,3622
ENSG00000266968.2,0.0,3623
ENSG00000211968.3,0.0,3624
ENSG00000256643.1,0.0,3625
ENSG00000134443.10,0.0,3626
ENSG00000164076.17,0.0,3627
ENSG00000211955.2,0.0,3628
ENSG00000124102.5,0.0,3629
ENSG00000139209.16,0.0,3630
ENSG00000282600.2,0.0,3631
ENSG00000019186.10,0.0,3632
ENSG00000143839.15,0.0,3633
ENSG00000229807.12,0.0,3634
ENSG00000286187.1,0.0,3635
ENSG00000164794.9,0.0,3636
ENSG00000140274.14,0.0,3637
ENSG00000131969.15,0.0,3638
ENSG00000136872.20,0.0,3639
ENSG00000237541.4,0.0,3640
ENSG00000256393.1,0.0,3641
ENSG00000239039.1,0.0,3642
ENSG00000196188.12,0.0,3643
ENSG00000131142.13,0.0,3644
ENSG00000239893.2,0.0,3645
ENSG00000253755.1,0.0,3646
ENSG00000012817.16,0.0,3647
ENSG00000007372.24,0.0,3648
ENSG00000183036.11,0.0,3649
ENSG00000263934.5,0.0,3650
ENSG00000125740.14,0.0,3651
ENSG00000007038.11,0.0,3652
ENSG00000021826.17,0.0,3653
ENSG00000226383.7,0.0,3654
ENSG00000106236.4,0.0,3655
ENSG00000074211.14,0.0,3656
ENSG00000211893.4,0.0,3657
ENSG00000078579.9,0.0,3658
ENSG00000100373.10,0.0,3659
ENSG00000211947.2,0.0,3660
ENSG00000197632.9,0.0,3661
ENSG00000244437.1,0.0,3662
ENSG00000085741.13,0.0,3663
ENSG00000134339.9,0.0,3664
ENSG00000211662.2,0.0,3665
ENSG00000117983.17,0.0,3666
ENSG00000159217.10,0.0,3667
ENSG00000225840.2,0.0,3668
ENSG00000144908.14,0.0,3669
ENSG00000249743.6,0.0,3670
ENSG00000239571.1,0.0,3671
ENSG00000131002.12,0.0,3672
ENSG00000138696.11,0.0,3673
ENSG00000006128.12,0.0,3674
ENSG00000277053.4,0.0,3675
ENSG00000227232.5,0.0,3676
ENSG00000184709.7,0.0,3677
ENSG00000206557.6,0.0,3678
ENSG00000186081.12,0.0,3679
ENSG00000165066.13,0.0,3680
ENSG00000239975.2,0.0,3681
ENSG00000250328.6,0.0,3682
ENSG00000162989.5,0.0,3683
ENSG00000172724.12,0.0,3684
ENSG00000114113.6,0.0,3685
ENSG00000182968.5,0.0,3686
ENSG00000134184.13,0.0,3687
ENSG00000240382.3,0.0,3688
ENSG00000278771.1,0.0,3689
ENSG00000225523.2,0.0,3690
ENSG00000170561.13,0.0,3691
ENSG00000229419.1,0.0,3692
ENSG00000254851.1,0.0,3693
ENSG00000198930.13,0.0,3694
ENSG00000084674.15,0.0,3695
ENSG00000100721.11,0.0,3696
ENSG00000171234.14,0.0,3697
ENSG00000066405.13,0.0,3698
ENSG00000211644.3,0.0,3699
ENSG00000130540.14,0.0,3700
ENSG00000178403.4,0.0,3701
ENSG00000134873.10,0.0,3702
ENSG00000178473.7,0.0,3703
ENSG00000227097.5,0.0,3704
ENSG00000163515.6,0.0,3705
ENSG00000101188.5,0.0,3706
ENSG00000283429.1,0.0,3707
ENSG00000211938.2,0.0,3708
ENSG00000158014.15,0.0,3709
ENSG00000189223.15,0.0,3710
ENSG00000236935.1,0.0,3711
ENSG00000211970.3,0.0,3712
ENSG00000213131.3,0.0,3713
ENSG00000162779.22,0.0,3714
ENSG00000087495.17,0.0,3715
ENSG00000165246.14,0.0,3716
ENSG00000177459.11,0.0,3717
ENSG00000186940.6,0.0,3718
ENSG00000242371.1,0.0,3719
ENSG00000278530.4,0.0,3720
ENSG00000254681.6,0.0,3721
ENSG00000205611.5,0.0,3722
ENSG00000109158.11,0.0,3723
ENSG00000211598.2,0.0,3724
ENSG00000251209.9,0.0,3725
ENSG00000064195.7,0.0,3726
ENSG00000132185.18,0.0,3727
ENSG00000213707.2,0.0,3728
ENSG00000260318.1,0.0,3729
ENSG00000250641.1,0.0,3730
ENSG00000109511.12,0.0,3731
ENSG00000286015.1,0.0,3732
ENSG00000176728.10,0.0,3733
ENSG00000163017.14,0.0,3734
ENSG00000163286.9,0.0,3735
ENSG00000187258.14,0.0,3736
ENSG00000239951.1,0.0,3737
ENSG00000211898.7,0.0,3738
ENSG00000164588.8,0.0,3739
ENSG00000149295.14,0.0,3740
ENSG00000254395.1,0.0,3741
ENSG00000211959.2,0.0,3742
ENSG00000223648.4,0.0,3743
ENSG00000288057.1,0.0,3744
ENSG00000158874.11,0.0,3745
ENSG00000227755.1,0.0,3746
ENSG00000259974.3,0.0,3747
ENSG00000176343.5,0.0,3748
ENSG00000173930.9,0.0,3749
ENSG00000130600.19,0.0,3750
ENSG00000173432.12,0.0,3751
ENSG00000261115.6,0.0,3752
ENSG00000169507.9,0.0,3753
ENSG00000185915.5,0.0,3754
ENSG00000099725.14,0.0,3755
ENSG00000255815.3,0.0,3756
ENSG00000239855.1,0.0,3757
ENSG00000094963.14,0.0,3758
ENSG00000188803.15,0.0,3759
ENSG00000162949.16,0.0,3760
ENSG00000231826.6,0.0,3761
ENSG00000229314.5,0.0,3762
ENSG00000164128.7,0.0,3763
ENSG00000104177.18,0.0,3764
ENSG00000171564.12,0.0,3765
ENSG00000138109.11,0.0,3766
ENSG00000137968.16,0.0,3767
ENSG00000274576.2,0.0,3768
ENSG00000138798.13,0.0,3769
ENSG00000100593.18,0.0,3770
ENSG00000272218.1,0.0,3771
ENSG00000172023.8,0.0,3772
ENSG00000153707.17,0.0,3773
ENSG00000211900.2,0.0,3774
ENSG00000108342.13,0.0,3775
ENSG00000214263.2,0.0,3776
ENSG00000154620.6,0.0,3777
ENSG00000158764.7,0.0,3778
ENSG00000279483.2,0.0,3779
ENSG00000135097.7,0.0,3780
ENSG00000187416.12,0.0,3781
ENSG00000172020.13,0.0,3782
ENSG00000153292.16,0.0,3783
ENSG00000130413.15,0.0,3784
ENSG00000261520.5,0.0,3785
ENSG00000256618.2,0.0,3786
ENSG00000211658.2,0.0,3787
ENSG00000238178.7,0.0,3788
ENSG00000101470.10,0.0,3789
ENSG00000278505.5,0.0,3790
ENSG00000243955.6,0.0,3791
ENSG00000211892.4,0.0,3792
ENSG00000132967.9,0.0,3793
ENSG00000241186.10,0.0,3794
ENSG00000113389.16,0.0,3795
ENSG00000164825.4,0.0,3796
ENSG00000211597.2,0.0,3797
ENSG00000179914.5,0.0,3798
ENSG00000130234.12,0.0,3799
ENSG00000230426.4,0.0,3800
ENSG00000226278.1,0.0,3801
ENSG00000187715.13,0.0,3802
ENSG00000282890.1,0.0,3803
ENSG00000100557.10,0.0,3804
ENSG00000252010.1,0.0,3805
ENSG00000278266.1,0.0,3806
ENSG00000281990.1,0.0,3807
ENSG00000202538.1,0.0,3808
ENSG00000228437.5,0.0,3809
ENSG00000197444.10,0.0,3810
ENSG00000117215.15,0.0,3811
ENSG00000122711.9,0.0,3812
ENSG00000105707.14,0.0,3813
ENSG00000234985.2,0.0,3814
ENSG00000225329.3,0.0,3815
ENSG00000231345.3,0.0,3816
ENSG00000172016.16,0.0,3817
ENSG00000188338.15,0.0,3818
ENSG00000148053.17,0.0,3819
ENSG00000114374.13,0.0,3820
ENSG00000198848.13,0.0,3821
ENSG00000175868.14,0.0,3822
ENSG00000022556.16,0.0,3823
ENSG00000112837.17,0.0,3824
ENSG00000123561.15,0.0,3825
ENSG00000242580.1,0.0,3826
ENSG00000134812.8,0.0,3827
ENSG00000237643.2,0.0,3828
ENSG00000239819.2,0.0,3829
ENSG00000072195.15,0.0,3830
ENSG00000224237.1,0.0,3831
ENSG00000185924.7,0.0,3832
ENSG00000099769.6,0.0,3833
ENSG00000211972.2,0.0,3834
ENSG00000225792.2,0.0,3835
ENSG00000256417.1,0.0,3836
ENSG00000250120.8,0.0,3837
ENSG00000176681.14,0.0,3838
ENSG00000213269.2,0.0,3839
ENSG00000285603.1,0.0,3840
ENSG00000109705.8,0.0,3841
ENSG00000264229.1,0.0,3842
ENSG00000255733.6,0.0,3843
ENSG00000272211.1,0.0,3844
ENSG00000221923.9,0.0,3845
ENSG00000165124.18,0.0,3846
ENSG00000127989.14,0.0,3847
ENSG00000185862.7,0.0,3848
ENSG00000131686.15,0.0,3849
ENSG00000189099.11,0.0,3850
ENSG00000260279.4,0.0,3851
ENSG00000111335.13,0.0,3852
ENSG00000237940.3,0.0,3853
ENSG00000178458.5,0.0,3854
ENSG00000150637.9,0.0,3855
ENSG00000149488.13,0.0,3856
ENSG00000128709.13,0.0,3857
ENSG00000287117.1,0.0,3858
ENSG00000236609.4,0.0,3859
ENSG00000280162.1,0.0,3860
ENSG00000249242.8,0.0,3861
ENSG00000272068.1,0.0,3862
ENSG00000253284.2,0.0,3863
ENSG00000125999.11,0.0,3864
ENSG00000233251.8,0.0,3865
ENSG00000112276.14,0.0,3866
ENSG00000254933.1,0.0,3867
ENSG00000286035.1,0.0,3868
ENSG00000150672.17,0.0,3869
ENSG00000267886.1,0.0,3870
ENSG00000286750.1,0.0,3871
ENSG00000286171.1,0.0,3872
ENSG00000129151.9,0.0,3873
ENSG00000204442.4,0.0,3874
ENSG00000163492.15,0.0,3875
ENSG00000163563.8,0.0,3876
ENSG00000283403.1,0.0,3877
ENSG00000261620.1,0.0,3878
ENSG00000124920.14,0.0,3879
ENSG00000171533.11,0.0,3880
ENSG00000165702.14,0.0,3881
ENSG00000150556.17,0.0,3882
ENSG00000279476.1,0.0,3883
ENSG00000286153.1,0.0,3884
ENSG00000154822.18,0.0,3885
ENSG00000254290.1,0.0,3886
ENSG00000189045.15,0.0,3887
ENSG00000211656.3,0.0,3888
ENSG00000187837.4,0.0,3889
ENSG00000180720.7,0.0,3890
ENSG00000233087.7,0.0,3891
ENSG00000253326.2,0.0,3892
ENSG00000120594.17,0.0,3893
ENSG00000203985.11,0.0,3894
ENSG00000259070.7,0.0,3895
ENSG00000279765.3,0.0,3896
ENSG00000260029.2,0.0,3897
ENSG00000284727.1,0.0,3898
ENSG00000197558.13,0.0,3899
ENSG00000250982.2,0.0,3900
ENSG00000231720.1,0.0,3901
ENSG00000260597.1,0.0,3902
ENSG00000127585.12,0.0,3903
ENSG00000119946.11,0.0,3904
ENSG00000225731.1,0.0,3905
ENSG00000280032.1,0.0,3906
ENSG00000103313.13,0.0,3907
ENSG00000150722.10,0.0,3908
ENSG00000112499.13,0.0,3909
ENSG00000280434.1,0.0,3910
ENSG00000204789.4,0.0,3911
ENSG00000153283.13,0.0,3912
ENSG00000187372.11,0.0,3913
ENSG00000283597.3,0.0,3914
ENSG00000235448.3,0.0,3915
ENSG00000115602.17,0.0,3916
ENSG00000255836.1,0.0,3917
ENSG00000268119.6,0.0,3918
ENSG00000226690.8,0.0,3919
ENSG00000287195.1,0.0,3920
ENSG00000231369.1,0.0,3921
ENSG00000275993.3,0.0,3922
ENSG00000233399.2,0.0,3923
ENSG00000280604.1,0.0,3924
ENSG00000157613.11,0.0,3925
ENSG00000179399.15,0.0,3926
ENSG00000197937.13,0.0,3927
ENSG00000261587.2,0.0,3928
ENSG00000224635.2,0.0,3929
ENSG00000272808.4,0.0,3930
ENSG00000275155.1,0.0,3931
ENSG00000077157.22,0.0,3932
ENSG00000148082.10,0.0,3933
ENSG00000232545.1,0.0,3934
ENSG00000154864.13,0.0,3935
ENSG00000241431.1,0.0,3936
ENSG00000235297.3,0.0,3937
ENSG00000206073.11,0.0,3938
ENSG00000278716.1,0.0,3939
ENSG00000230725.6,0.0,3940
ENSG00000278531.1,0.0,3941
ENSG00000177234.7,0.0,3942
ENSG00000229237.2,0.0,3943
ENSG00000105374.10,0.0,3944
ENSG00000180801.14,0.0,3945
ENSG00000126895.15,0.0,3946
ENSG00000263503.1,0.0,3947
ENSG00000276649.1,0.0,3948
ENSG00000246022.3,0.0,3949
ENSG00000249717.1,0.0,3950
ENSG00000250942.1,0.0,3951
ENSG00000101489.20,0.0,3952
ENSG00000287839.1,0.0,3953
ENSG00000268833.1,0.0,3954
ENSG00000198569.10,0.0,3955
ENSG00000131845.15,0.0,3956
ENSG00000279390.1,0.0,3957
ENSG00000233578.1,0.0,3958
ENSG00000233672.9,0.0,3959
ENSG00000187952.9,0.0,3960
ENSG00000073282.14,0.0,3961
ENSG00000224511.2,0.0,3962
ENSG00000197291.9,0.0,3963
ENSG00000169126.16,0.0,3964
ENSG00000233217.2,0.0,3965
ENSG00000254098.1,0.0,3966
ENSG00000120328.6,0.0,3967
ENSG00000166428.14,0.0,3968
ENSG00000185274.12,0.0,3969
ENSG00000233110.1,0.0,3970
ENSG00000198691.13,0.0,3971
ENSG00000183117.19,0.0,3972
ENSG00000228952.1,0.0,3973
ENSG00000285684.1,0.0,3974
ENSG00000252213.1,0.0,3975
ENSG00000197744.5,0.0,3976
ENSG00000187323.12,0.0,3977
ENSG00000238018.2,0.0,3978
ENSG00000159374.17,0.0,3979
ENSG00000227088.2,0.0,3980
ENSG00000167034.10,0.0,3981
ENSG00000044524.11,0.0,3982
ENSG00000240409.1,0.0,3983
ENSG00000271503.6,0.0,3984
ENSG00000110848.8,0.0,3985
ENSG00000228221.6,0.0,3986
ENSG00000183671.12,0.0,3987
ENSG00000214313.8,0.0,3988
ENSG00000171094.18,0.0,3989
ENSG00000152213.4,0.0,3990
ENSG00000196569.13,0.0,3991
ENSG00000106823.12,0.0,3992
ENSG00000162998.5,0.0,3993
ENSG00000105929.16,0.0,3994
ENSG00000228824.7,0.0,3995
ENSG00000263639.7,0.0,3996
ENSG00000115956.10,0.0,3997
ENSG00000170465.10,0.0,3998
ENSG00000280069.1,0.0,3999
ENSG00000102230.14,0.0,4000
ENSG00000268460.2,0.0,4001
ENSG00000115523.17,0.0,4002
ENSG00000287090.1,0.0,4003
ENSG00000112208.11,0.0,4004
ENSG00000116675.16,0.0,4005
ENSG00000244693.1,0.0,4006
ENSG00000133454.16,0.0,4007
ENSG00000204252.14,0.0,4008
ENSG00000258815.1,0.0,4009
ENSG00000185130.5,0.0,4010
ENSG00000164418.21,0.0,4011
ENSG00000120693.14,0.0,4012
ENSG00000228057.1,0.0,4013
ENSG00000107249.23,0.0,4014
ENSG00000251301.7,0.0,4015
ENSG00000172296.13,0.0,4016
ENSG00000258484.4,0.0,4017
ENSG00000259723.1,0.0,4018
ENSG00000117594.10,0.0,4019
ENSG00000106384.12,0.0,4020
ENSG00000123094.15,0.0,4021
ENSG00000163221.9,0.0,4022
ENSG00000279392.1,0.0,4023
ENSG00000157927.17,0.0,4024
ENSG00000279656.1,0.0,4025
ENSG00000153563.16,0.0,4026
ENSG00000287459.1,0.0,4027
ENSG00000251468.2,0.0,4028
ENSG00000114248.10,0.0,4029
ENSG00000225783.8,0.0,4030
ENSG00000188000.5,0.0,4031
ENSG00000250568.1,0.0,4032
ENSG00000155761.14,0.0,4033
ENSG00000188404.10,0.0,4034
ENSG00000279835.1,0.0,4035
ENSG00000083454.22,0.0,4036
ENSG00000171847.11,0.0,4037
ENSG00000143954.13,0.0,4038
ENSG00000287407.1,0.0,4039
ENSG00000228613.1,0.0,4040
ENSG00000278897.1,0.0,4041
ENSG00000123405.14,0.0,4042
ENSG00000125571.9,0.0,4043
ENSG00000286355.1,0.0,4044
ENSG00000203688.6,0.0,4045
ENSG00000181800.6,0.0,4046
ENSG00000115009.13,0.0,4047
ENSG00000272320.1,0.0,4048
ENSG00000285973.2,0.0,4049
ENSG00000280202.1,0.0,4050
ENSG00000253417.5,0.0,4051
ENSG00000262877.5,0.0,4052
ENSG00000248483.7,0.0,4053
ENSG00000158488.16,0.0,4054
ENSG00000146666.5,0.0,4055
ENSG00000287860.1,0.0,4056
ENSG00000238113.7,0.0,4057
ENSG00000284196.3,0.0,4058
ENSG00000232560.7,0.0,4059
ENSG00000228078.1,0.0,4060
ENSG00000172986.13,0.0,4061
ENSG00000183562.3,0.0,4062
ENSG00000270640.1,0.0,4063
ENSG00000186895.4,0.0,4064
ENSG00000225138.8,0.0,4065
ENSG00000124215.17,0.0,4066
ENSG00000010319.7,0.0,4067
ENSG00000189001.11,0.0,4068
ENSG00000110693.18,0.0,4069
ENSG00000253460.2,0.0,4070
ENSG00000173262.12,0.0,4071
ENSG00000223806.8,0.0,4072
ENSG00000188681.11,0.0,4073
ENSG00000264204.2,0.0,4074
ENSG00000176956.13,0.0,4075
ENSG00000223561.7,0.0,4076
ENSG00000246250.3,0.0,4077
ENSG00000197497.11,0.0,4078
ENSG00000205413.8,0.0,4079
ENSG00000275126.2,0.0,4080
ENSG00000152784.16,0.0,4081
ENSG00000178828.7,0.0,4082
ENSG00000165799.5,0.0,4083
ENSG00000093134.15,0.0,4084
ENSG00000169896.18,0.0,4085
ENSG00000259500.1,0.0,4086
ENSG00000152217.20,0.0,4087
ENSG00000196730.13,0.0,4088
ENSG00000152527.14,0.0,4089
ENSG00000185176.13,0.0,4090
ENSG00000261349.1,0.0,4091
ENSG00000287703.1,0.0,4092
ENSG00000243297.2,0.0,4093
ENSG00000104447.13,0.0,4094
ENSG00000272046.1,0.0,4095
ENSG00000071794.16,0.0,4096
ENSG00000233783.8,0.0,4097
ENSG00000287736.1,0.0,4098
ENSG00000175544.14,0.0,4099
ENSG00000005379.17,0.0,4100
ENSG00000178695.6,0.0,4101
ENSG00000260918.1,0.0,4102
ENSG00000272763.1,0.0,4103
ENSG00000255303.2,0.0,4104
ENSG00000115648.14,0.0,4105
ENSG00000258700.6,0.0,4106
ENSG00000258545.6,0.0,4107
ENSG00000284669.1,0.0,4108
ENSG00000143869.7,0.0,4109
ENSG00000286242.1,0.0,4110
ENSG00000251350.2,0.0,4111
ENSG00000255443.1,0.0,4112
ENSG00000179873.14,0.0,4113
ENSG00000173077.16,0.0,4114
ENSG00000102271.14,0.0,4115
ENSG00000232006.9,0.0,4116
ENSG00000231240.1,0.0,4117
ENSG00000169629.12,0.0,4118
ENSG00000167555.14,0.0,4119
ENSG00000149571.12,0.0,4120
ENSG00000263968.2,0.0,4121
ENSG00000090932.11,0.0,4122
ENSG00000131127.14,0.0,4123
ENSG00000136541.15,0.0,4124
ENSG00000134323.12,0.0,4125
ENSG00000233839.1,0.0,4126
ENSG00000125384.7,0.0,4127
ENSG00000183715.13,0.0,4128
ENSG00000175984.15,0.0,4129
ENSG00000100285.10,0.0,4130
ENSG00000125820.6,0.0,4131
ENSG00000243349.2,0.0,4132
ENSG00000250874.1,0.0,4133
ENSG00000165178.9,0.0,4134
ENSG00000239345.2,0.0,4135
ENSG00000279352.1,0.0,4136
ENSG00000234155.1,0.0,4137
ENSG00000261051.1,0.0,4138
ENSG00000204389.10,0.0,4139
ENSG00000279786.1,0.0,4140
ENSG00000156103.16,0.0,4141
ENSG00000206702.1,0.0,4142
ENSG00000234284.7,0.0,4143
ENSG00000136943.11,0.0,4144
ENSG00000261448.1,0.0,4145
ENSG00000232712.6,0.0,4146
ENSG00000257956.1,0.0,4147
ENSG00000285994.1,0.0,4148
ENSG00000261618.2,0.0,4149
ENSG00000100167.20,0.0,4150
ENSG00000286134.2,0.0,4151
ENSG00000132204.14,0.0,4152
ENSG00000101695.9,0.0,4153
ENSG00000184945.14,0.0,4154
ENSG00000280355.1,0.0,4155
ENSG00000155307.19,0.0,4156
ENSG00000254810.1,0.0,4157
ENSG00000144130.11,0.0,4158
ENSG00000170166.6,0.0,4159
ENSG00000275894.1,0.0,4160
ENSG00000144642.22,0.0,4161
ENSG00000185559.16,0.0,4162
ENSG00000269028.3,0.0,4163
ENSG00000196876.18,0.0,4164
ENSG00000128408.9,0.0,4165
ENSG00000252498.1,0.0,4166
ENSG00000288046.1,0.0,4167
ENSG00000168071.22,0.0,4168
ENSG00000205809.9,0.0,4169
ENSG00000105697.9,0.0,4170
ENSG00000224848.2,0.0,4171
ENSG00000174130.12,0.0,4172
ENSG00000163915.7,0.0,4173
ENSG00000230533.4,0.0,4174
ENSG00000287608.1,0.0,4175
ENSG00000139193.4,0.0,4176
ENSG00000058091.17,0.0,4177
ENSG00000145832.14,0.0,4178
ENSG00000121552.4,0.0,4179
ENSG00000246596.7,0.0,4180
ENSG00000073861.3,0.0,4181
ENSG00000160883.11,0.0,4182
ENSG00000279425.1,0.0,4183
ENSG00000269113.4,0.0,4184
ENSG00000169752.17,0.0,4185
ENSG00000160321.15,0.0,4186
ENSG00000175471.19,0.0,4187
ENSG00000146215.14,0.0,4188
ENSG00000207721.1,0.0,4189
ENSG00000131126.19,0.0,4190
ENSG00000102547.19,0.0,4191
ENSG00000254802.1,0.0,4192
ENSG00000250770.3,0.0,4193
ENSG00000267259.1,0.0,4194
ENSG00000173213.9,0.0,4195
ENSG00000011347.10,0.0,4196
ENSG00000256443.1,0.0,4197
ENSG00000271615.1,0.0,4198
ENSG00000225315.2,0.0,4199
ENSG00000250133.2,0.0,4200
ENSG00000030419.16,0.0,4201
ENSG00000274002.1,0.0,4202
ENSG00000149972.11,0.0,4203
ENSG00000283787.2,0.0,4204
ENSG00000197550.3,0.0,4205
ENSG00000179750.16,0.0,4206
ENSG00000213361.2,0.0,4207
ENSG00000238724.1,0.0,4208
ENSG00000156414.19,0.0,4209
ENSG00000008311.15,0.0,4210
ENSG00000278195.2,0.0,4211
ENSG00000287641.1,0.0,4212
ENSG00000272143.1,0.0,4213
ENSG00000155269.12,0.0,4214
ENSG00000102302.8,0.0,4215
ENSG00000123358.20,0.0,4216
ENSG00000141750.7,0.0,4217
ENSG00000253159.3,0.0,4218
ENSG00000133640.20,0.0,4219
ENSG00000237512.6,0.0,4220
ENSG00000271781.1,0.0,4221
ENSG00000278030.1,0.0,4222
ENSG00000162676.12,0.0,4223
ENSG00000095596.12,0.0,4224
ENSG00000064201.16,0.0,4225
ENSG00000112394.17,0.0,4226
ENSG00000258730.1,0.0,4227
ENSG00000229325.1,0.0,4228
ENSG00000169583.13,0.0,4229
ENSG00000205041.1,0.0,4230
ENSG00000006740.17,0.0,4231
ENSG00000103449.12,0.0,4232
ENSG00000124406.16,0.0,4233
ENSG00000182985.18,0.0,4234
ENSG00000144935.15,0.0,4235
ENSG00000242375.1,0.0,4236
ENSG00000070731.11,0.0,4237
ENSG00000243055.1,0.0,4238
ENSG00000105851.11,0.0,4239
ENSG00000279631.1,0.0,4240
ENSG00000078401.7,0.0,4241
ENSG00000243753.5,0.0,4242
ENSG00000162882.15,0.0,4243
ENSG00000264575.1,0.0,4244
ENSG00000079931.15,0.0,4245
ENSG00000228462.1,0.0,4246
ENSG00000249012.2,0.0,4247
ENSG00000284977.2,0.0,4248
ENSG00000196345.13,0.0,4249
ENSG00000187714.7,0.0,4250
ENSG00000232000.3,0.0,4251
ENSG00000136960.13,0.0,4252
ENSG00000276141.4,0.0,4253
ENSG00000121716.20,0.0,4254
ENSG00000159958.7,0.0,4255
ENSG00000287367.1,0.0,4256
ENSG00000287217.1,0.0,4257
ENSG00000104918.8,0.0,4258
ENSG00000254750.1,0.0,4259
ENSG00000183647.10,0.0,4260
ENSG00000234648.1,0.0,4261
ENSG00000247516.8,0.0,4262
ENSG00000116147.17,0.0,4263
ENSG00000149599.15,0.0,4264
ENSG00000255968.1,0.0,4265
ENSG00000142606.16,0.0,4266
ENSG00000240499.7,0.0,4267
ENSG00000174600.14,0.0,4268
ENSG00000169515.8,0.0,4269
ENSG00000023171.18,0.0,4270
ENSG00000232928.2,0.0,4271
ENSG00000258471.2,0.0,4272
ENSG00000099399.6,0.0,4273
ENSG00000169184.6,0.0,4274
ENSG00000275557.1,0.0,4275
ENSG00000188037.12,0.0,4276
ENSG00000223704.2,0.0,4277
ENSG00000163959.10,0.0,4278
ENSG00000280255.1,0.0,4279
ENSG00000260549.2,0.0,4280
ENSG00000105467.9,0.0,4281
ENSG00000111058.8,0.0,4282
ENSG00000286786.1,0.0,4283
ENSG00000120440.15,0.0,4284
ENSG00000204019.5,0.0,4285
ENSG00000279561.2,0.0,4286
ENSG00000263154.1,0.0,4287
ENSG00000260337.4,0.0,4288
ENSG00000185565.12,0.0,4289
ENSG00000251191.8,0.0,4290
ENSG00000164093.17,0.0,4291
ENSG00000178229.8,0.0,4292
ENSG00000109944.11,0.0,4293
ENSG00000228412.9,0.0,4294
ENSG00000111262.6,0.0,4295
ENSG00000242779.7,0.0,4296
ENSG00000182752.10,0.0,4297
ENSG00000117560.8,0.0,4298
ENSG00000155511.18,0.0,4299
ENSG00000251363.3,0.0,4300
ENSG00000133115.12,0.0,4301
ENSG00000111913.20,0.0,4302
ENSG00000228834.1,0.0,4303
ENSG00000186529.16,0.0,4304
ENSG00000123243.15,0.0,4305
ENSG00000286342.1,0.0,4306
ENSG00000089116.4,0.0,4307
ENSG00000261997.1,0.0,4308
ENSG00000166527.8,0.0,4309
ENSG00000131711.15,0.0,4310
ENSG00000176049.16,0.0,4311
ENSG00000149212.12,0.0,4312
ENSG00000170921.15,0.0,4313
ENSG00000135324.6,0.0,4314
ENSG00000286923.1,0.0,4315
ENSG00000108001.15,0.0,4316
ENSG00000287933.1,0.0,4317
ENSG00000093072.18,0.0,4318
ENSG00000165409.18,0.0,4319
ENSG00000275426.1,0.0,4320
ENSG00000225383.8,0.0,4321
ENSG00000099869.8,0.0,4322
ENSG00000196159.14,0.0,4323
ENSG00000114948.13,0.0,4324
ENSG00000153294.12,0.0,4325
ENSG00000129244.9,0.0,4326
ENSG00000253972.6,0.0,4327
ENSG00000258926.2,0.0,4328
ENSG00000250305.9,0.0,4329
ENSG00000279741.1,0.0,4330
ENSG00000230481.2,0.0,4331
ENSG00000143631.11,0.0,4332
ENSG00000221887.6,0.0,4333
ENSG00000180316.12,0.0,4334
ENSG00000125968.9,0.0,4335
ENSG00000249626.1,0.0,4336
ENSG00000287394.1,0.0,4337
ENSG00000071909.19,0.0,4338
ENSG00000166927.13,0.0,4339
ENSG00000283674.3,0.0,4340
ENSG00000147614.4,0.0,4341
ENSG00000187037.8,0.0,4342
ENSG00000185736.16,0.0,4343
ENSG00000139364.10,0.0,4344
ENSG00000177614.11,0.0,4345
ENSG00000179583.19,0.0,4346
ENSG00000160460.16,0.0,4347
ENSG00000256008.3,0.0,4348
ENSG00000233732.5,0.0,4349
ENSG00000161243.9,0.0,4350
ENSG00000171476.22,0.0,4351
ENSG00000246422.2,0.0,4352
ENSG00000163746.12,0.0,4353
ENSG00000251141.6,0.0,4354
ENSG00000273812.3,0.0,4355
ENSG00000163734.4,0.0,4356
ENSG00000170345.10,0.0,4357
ENSG00000232653.8,0.0,4358
ENSG00000138311.18,0.0,4359
ENSG00000248801.7,0.0,4360
ENSG00000238103.4,0.0,4361
ENSG00000112852.7,0.0,4362
ENSG00000214725.9,0.0,4363
ENSG00000271079.1,0.0,4364
ENSG00000288638.1,0.0,4365
ENSG00000110786.18,0.0,4366
ENSG00000158477.7,0.0,4367
ENSG00000106133.18,0.0,4368
ENSG00000113924.12,0.0,4369
ENSG00000228554.1,0.0,4370
ENSG00000165325.14,0.0,4371
ENSG00000273136.7,0.0,4372
ENSG00000256128.6,0.0,4373
ENSG00000259116.2,0.0,4374
ENSG00000250155.2,0.0,4375
ENSG00000189423.13,0.0,4376
ENSG00000269834.6,0.0,4377
ENSG00000136250.12,0.0,4378
ENSG00000248994.2,0.0,4379
ENSG00000164129.12,0.0,4380
ENSG00000273542.2,0.0,4381
ENSG00000283633.1,0.0,4382
ENSG00000212664.5,0.0,4383
ENSG00000168502.17,0.0,4384
ENSG00000142609.18,0.0,4385
ENSG00000163359.16,0.0,4386
ENSG00000186912.6,0.0,4387
ENSG00000003137.8,0.0,4388
ENSG00000198443.6,0.0,4389
ENSG00000207607.3,0.0,4390
ENSG00000279041.1,0.0,4391
ENSG00000269190.6,0.0,4392
ENSG00000047662.5,0.0,4393
ENSG00000286610.1,0.0,4394
ENSG00000155961.5,0.0,4395
ENSG00000282961.1,0.0,4396
ENSG00000249158.7,0.0,4397
ENSG00000279343.1,0.0,4398
ENSG00000232400.1,0.0,4399
ENSG00000187021.15,0.0,4400
ENSG00000143502.15,0.0,4401
ENSG00000280138.1,0.0,4402
ENSG00000144837.9,0.0,4403
ENSG00000154065.17,0.0,4404
ENSG00000243069.8,0.0,4405
ENSG00000241547.1,0.0,4406
ENSG00000230795.3,0.0,4407
ENSG00000242360.3,0.0,4408
ENSG00000113263.13,0.0,4409
ENSG00000285644.1,0.0,4410
ENSG00000225760.2,0.0,4411
ENSG00000138395.17,0.0,4412
ENSG00000197977.4,0.0,4413
ENSG00000172243.18,0.0,4414
ENSG00000238554.1,0.0,4415
ENSG00000095739.11,0.0,4416
ENSG00000169302.16,0.0,4417
ENSG00000233369.7,0.0,4418
ENSG00000185666.15,0.0,4419
ENSG00000189233.12,0.0,4420
ENSG00000102678.7,0.0,4421
ENSG00000176165.12,0.0,4422
ENSG00000003989.18,0.0,4423
ENSG00000253936.1,0.0,4424
ENSG00000274840.4,0.0,4425
ENSG00000287252.1,0.0,4426
ENSG00000283627.1,0.0,4427
ENSG00000227683.1,0.0,4428
ENSG00000278705.1,0.0,4429
ENSG00000142661.19,0.0,4430
ENSG00000259884.1,0.0,4431
ENSG00000253481.2,0.0,4432
ENSG00000183032.12,0.0,4433
ENSG00000241361.8,0.0,4434
ENSG00000082175.15,0.0,4435
ENSG00000261241.7,0.0,4436
ENSG00000152137.8,0.0,4437
ENSG00000104321.11,0.0,4438
ENSG00000233017.3,0.0,4439
ENSG00000198576.4,0.0,4440
ENSG00000215914.4,0.0,4441
ENSG00000267466.1,0.0,4442
ENSG00000267374.2,0.0,4443
ENSG00000196867.8,0.0,4444
ENSG00000177575.13,0.0,4445
ENSG00000101004.15,0.0,4446
ENSG00000179639.10,0.0,4447
ENSG00000173826.15,0.0,4448
ENSG00000163827.13,0.0,4449
ENSG00000146411.6,0.0,4450
ENSG00000173114.13,0.0,4451
ENSG00000204894.4,0.0,4452
ENSG00000017427.17,0.0,4453
ENSG00000177519.4,0.0,4454
ENSG00000282826.2,0.0,4455
ENSG00000160223.17,0.0,4456
ENSG00000108684.15,0.0,4457
ENSG00000202402.1,0.0,4458
ENSG00000258913.2,0.0,4459
ENSG00000163464.8,0.0,4460
ENSG00000075340.23,0.0,4461
ENSG00000215864.6,0.0,4462
ENSG00000163283.7,0.0,4463
ENSG00000073756.12,0.0,4464
ENSG00000228340.6,0.0,4465
ENSG00000211595.2,0.0,4466
ENSG00000115414.21,0.0,4467
ENSG00000242472.1,0.0,4468
ENSG00000164619.10,0.0,4469
ENSG00000198883.12,0.0,4470
ENSG00000256039.2,0.0,4471
ENSG00000178248.11,0.0,4472
ENSG00000248874.5,0.0,4473
ENSG00000272568.6,0.0,4474
ENSG00000213214.5,0.0,4475
ENSG00000224417.2,0.0,4476
ENSG00000212464.1,0.0,4477
ENSG00000180818.5,0.0,4478
ENSG00000235636.1,0.0,4479
ENSG00000230453.9,0.0,4480
ENSG00000176083.18,0.0,4481
ENSG00000239223.3,0.0,4482
ENSG00000102243.13,0.0,4483
ENSG00000124875.10,0.0,4484
ENSG00000267313.7,0.0,4485
ENSG00000237988.5,0.0,4486
ENSG00000263563.6,0.0,4487
ENSG00000229754.1,0.0,4488
ENSG00000005981.13,0.0,4489
ENSG00000249942.1,0.0,4490
ENSG00000240280.7,0.0,4491
ENSG00000188176.12,0.0,4492
ENSG00000279530.2,0.0,4493
ENSG00000143546.10,0.0,4494
ENSG00000107147.14,0.0,4495
ENSG00000287364.1,0.0,4496
ENSG00000183773.15,0.0,4497
ENSG00000137941.17,0.0,4498
ENSG00000231106.2,0.0,4499
ENSG00000079841.18,0.0,4500
ENSG00000163923.10,0.0,4501
ENSG00000105880.7,0.0,4502
ENSG00000253120.1,0.0,4503
ENSG00000067798.16,0.0,4504
ENSG00000119547.6,0.0,4505
ENSG00000104537.17,0.0,4506
ENSG00000105509.11,0.0,4507
ENSG00000083067.23,0.0,4508
ENSG00000287080.2,0.0,4509
ENSG00000197124.12,0.0,4510
ENSG00000116141.17,0.0,4511
ENSG00000229119.3,0.0,4512
ENSG00000210741.1,0.0,4513
ENSG00000157399.16,0.0,4514
ENSG00000128383.13,0.0,4515
ENSG00000059915.17,0.0,4516
ENSG00000129514.8,0.0,4517
ENSG00000151778.11,0.0,4518
ENSG00000167972.14,0.0,4519
ENSG00000280027.1,0.0,4520
ENSG00000172752.14,0.0,4521
ENSG00000147488.11,0.0,4522
ENSG00000134215.16,0.0,4523
ENSG00000252835.1,0.0,4524
ENSG00000170965.10,0.0,4525
ENSG00000231331.1,0.0,4526
ENSG00000186407.7,0.0,4527
ENSG00000162631.19,0.0,4528
ENSG00000178171.11,0.0,4529
ENSG00000087510.7,0.0,4530
ENSG00000280079.1,0.0,4531
ENSG00000111052.7,0.0,4532
ENSG00000189320.9,0.0,4533
ENSG00000230330.1,0.0,4534
ENSG00000134539.17,0.0,4535
ENSG00000121807.6,0.0,4536
ENSG00000100095.19,0.0,4537
ENSG00000169031.20,0.0,4538
ENSG00000183019.7,0.0,4539
ENSG00000125730.17,0.0,4540
ENSG00000112303.14,0.0,4541
ENSG00000280208.1,0.0,4542
ENSG00000239552.2,0.0,4543
ENSG00000150594.7,0.0,4544
ENSG00000081138.14,0.0,4545
ENSG00000233117.4,0.0,4546
ENSG00000204832.10,0.0,4547
ENSG00000141579.7,0.0,4548
ENSG00000142611.17,0.0,4549
ENSG00000226051.8,0.0,4550
ENSG00000144229.12,0.0,4551
ENSG00000188933.16,0.0,4552
ENSG00000177272.9,0.0,4553
ENSG00000227329.2,0.0,4554
ENSG00000174123.11,0.0,4555
ENSG00000253361.3,0.0,4556
ENSG00000215580.11,0.0,4557
ENSG00000115598.10,0.0,4558
ENSG00000143194.13,0.0,4559
ENSG00000129596.5,0.0,4560
ENSG00000114405.11,0.0,4561
ENSG00000188610.12,0.0,4562
ENSG00000166897.16,0.0,4563
ENSG00000232024.2,0.0,4564
ENSG00000171368.12,0.0,4565
ENSG00000101210.13,0.0,4566
ENSG00000213293.4,0.0,4567
ENSG00000172478.18,0.0,4568
ENSG00000211961.3,0.0,4569
ENSG00000229689.3,0.0,4570
ENSG00000121075.11,0.0,4571
ENSG00000170571.12,0.0,4572
ENSG00000223931.2,0.0,4573
ENSG00000124785.9,0.0,4574
ENSG00000253274.1,0.0,4575
ENSG00000138759.19,0.0,4576
ENSG00000237973.1,0.0,4577
ENSG00000174473.16,0.0,4578
ENSG00000203710.12,0.0,4579
ENSG00000275212.3,0.0,4580
ENSG00000155066.16,0.0,4581
ENSG00000180176.15,0.0,4582
ENSG00000103485.19,0.0,4583
ENSG00000203857.10,0.0,4584
ENSG00000214975.4,0.0,4585
ENSG00000143768.13,0.0,4586
ENSG00000152932.8,0.0,4587
ENSG00000273018.7,0.0,4588
ENSG00000233569.2,0.0,4589
ENSG00000150750.8,0.0,4590
ENSG00000253239.1,0.0,4591
ENSG00000206538.9,0.0,4592
ENSG00000148798.11,0.0,4593
ENSG00000026559.14,0.0,4594
ENSG00000136267.14,0.0,4595
ENSG00000159251.8,0.0,4596
ENSG00000084453.16,0.0,4597
ENSG00000232203.3,0.0,4598
ENSG00000148604.15,0.0,4599
ENSG00000123838.11,0.0,4600
ENSG00000165300.7,0.0,4601
ENSG00000158258.16,0.0,4602
ENSG00000085563.15,0.0,4603
ENSG00000253132.1,0.0,4604
ENSG00000286522.2,0.0,4605
ENSG00000164326.5,0.0,4606
ENSG00000197253.13,0.0,4607
ENSG00000112299.8,0.0,4608
ENSG00000004848.8,0.0,4609
ENSG00000228695.10,0.0,4610
ENSG00000092758.18,0.0,4611
ENSG00000235649.2,0.0,4612
ENSG00000130822.16,0.0,4613
ENSG00000225706.2,0.0,4614
ENSG00000175894.18,0.0,4615
ENSG00000253649.5,0.0,4616
ENSG00000115290.10,0.0,4617
ENSG00000267506.5,0.0,4618
ENSG00000248635.1,0.0,4619
ENSG00000147234.10,0.0,4620
ENSG00000116661.11,0.0,4621
ENSG00000253308.2,0.0,4622
ENSG00000198099.9,0.0,4623
ENSG00000189058.9,0.0,4624
ENSG00000235559.1,0.0,4625
ENSG00000186472.20,0.0,4626
ENSG00000197061.5,0.0,4627
ENSG00000157064.11,0.0,4628
ENSG00000205414.1,0.0,4629
ENSG00000062524.16,0.0,4630
ENSG00000220842.6,0.0,4631
ENSG00000124212.6,0.0,4632
ENSG00000007062.12,0.0,4633
ENSG00000126010.6,0.0,4634
ENSG00000168878.19,0.0,4635
ENSG00000012124.17,0.0,4636
ENSG00000163331.12,0.0,4637
ENSG00000286540.1,0.0,4638
ENSG00000287593.1,0.0,4639
ENSG00000164266.11,0.0,4640
ENSG00000128591.16,0.0,4641
ENSG00000075043.19,0.0,4642
ENSG00000211905.1,0.0,4643
ENSG00000158813.18,0.0,4644
ENSG00000140465.14,0.0,4645
ENSG00000211957.2,0.0,4646
ENSG00000156535.15,0.0,4647
ENSG00000229637.4,0.0,4648
ENSG00000164764.11,0.0,4649
ENSG00000226025.9,0.0,4650
ENSG00000145536.15,0.0,4651
ENSG00000226564.1,0.0,4652
ENSG00000144115.17,0.0,4653
ENSG00000242207.1,0.0,4654
ENSG00000166405.15,0.0,4655
ENSG00000124493.14,0.0,4656
ENSG00000146166.17,0.0,4657
ENSG00000107954.10,0.0,4658
ENSG00000115616.3,0.0,4659
ENSG00000182983.15,0.0,4660
ENSG00000160284.15,0.0,4661
ENSG00000211958.2,0.0,4662
ENSG00000170160.17,0.0,4663
ENSG00000066735.14,0.0,4664
ENSG00000101916.12,0.0,4665
ENSG00000233392.5,0.0,4666
ENSG00000171864.5,0.0,4667
ENSG00000127325.19,0.0,4668
ENSG00000054356.14,0.0,4669
ENSG00000222489.1,0.0,4670
ENSG00000248740.6,0.0,4671
ENSG00000114854.8,0.0,4672
ENSG00000129988.6,0.0,4673
ENSG00000184349.13,0.0,4674
ENSG00000137142.5,0.0,4675
ENSG00000166961.15,0.0,4676
ENSG00000154928.18,0.0,4677
ENSG00000188906.16,0.0,4678
ENSG00000168539.4,0.0,4679
ENSG00000254056.1,0.0,4680
ENSG00000234156.3,0.0,4681
ENSG00000166432.15,0.0,4682
ENSG00000160856.21,0.0,4683
ENSG00000169676.6,0.0,4684
ENSG00000233476.3,0.0,4685
ENSG00000147255.19,0.0,4686
ENSG00000169245.6,0.0,4687
ENSG00000158220.14,0.0,4688
ENSG00000229604.2,0.0,4689
ENSG00000230916.2,0.0,4690
ENSG00000197406.7,0.0,4691
ENSG00000114771.14,0.0,4692
ENSG00000101074.5,0.0,4693
ENSG00000211633.3,0.0,4694
ENSG00000249345.8,0.0,4695
ENSG00000233922.3,0.0,4696
ENSG00000179023.8,0.0,4697
ENSG00000164114.19,0.0,4698
ENSG00000277157.2,0.0,4699
ENSG00000239830.1,0.0,4700
ENSG00000259495.3,0.0,4701
ENSG00000162630.6,0.0,4702
ENSG00000148942.15,0.0,4703
ENSG00000238133.6,0.0,4704
ENSG00000163421.9,0.0,4705
ENSG00000146276.12,0.0,4706
ENSG00000186847.6,0.0,4707
ENSG00000231245.2,0.0,4708
ENSG00000145087.13,0.0,4709
ENSG00000233287.1,0.0,4710
ENSG00000286733.1,0.0,4711
ENSG00000226562.4,0.0,4712
ENSG00000165828.15,0.0,4713
ENSG00000153233.13,0.0,4714
ENSG00000198502.6,0.0,4715
ENSG00000220378.3,0.0,4716
ENSG00000125538.12,0.0,4717
ENSG00000163519.14,0.0,4718
ENSG00000213867.4,0.0,4719
ENSG00000286797.1,0.0,4720
ENSG00000167165.19,0.0,4721
ENSG00000081237.20,0.0,4722
ENSG00000112319.19,0.0,4723
ENSG00000106927.12,0.0,4724
ENSG00000115295.20,0.0,4725
ENSG00000227309.1,0.0,4726
ENSG00000233237.8,0.0,4727
ENSG00000170290.4,0.0,4728
ENSG00000280055.2,0.0,4729
ENSG00000005108.16,0.0,4730
ENSG00000171016.13,0.0,4731
ENSG00000185940.10,0.0,4732
ENSG00000235493.2,0.0,4733
ENSG00000223804.5,0.0,4734
ENSG00000143556.9,0.0,4735
ENSG00000122224.18,0.0,4736
ENSG00000253305.2,0.0,4737
ENSG00000144355.15,0.0,4738
ENSG00000167798.17,0.0,4739
ENSG00000104213.13,0.0,4740
ENSG00000253910.2,0.0,4741
ENSG00000160180.15,0.0,4742
ENSG00000237986.4,0.0,4743
ENSG00000225101.6,0.0,4744
ENSG00000173208.4,0.0,4745
ENSG00000224122.2,0.0,4746
ENSG00000256298.1,0.0,4747
ENSG00000196205.8,0.0,4748
ENSG00000205899.4,0.0,4749
ENSG00000181690.8,0.0,4750
ENSG00000224546.2,0.0,4751
ENSG00000183850.14,0.0,4752
ENSG00000146950.13,0.0,4753
ENSG00000236548.2,0.0,4754
ENSG00000131355.15,0.0,4755
ENSG00000235770.6,0.0,4756
ENSG00000187955.12,0.0,4757
ENSG00000204334.7,0.0,4758
ENSG00000284648.1,0.0,4759
ENSG00000237807.4,0.0,4760
ENSG00000242611.2,0.0,4761
ENSG00000163879.11,0.0,4762
ENSG00000205502.4,0.0,4763
ENSG00000249267.7,0.0,4764
ENSG00000225806.8,0.0,4765
ENSG00000236397.3,0.0,4766
ENSG00000058404.20,0.0,4767
ENSG00000179292.5,0.0,4768
ENSG00000123201.14,0.0,4769
ENSG00000128218.8,0.0,4770
ENSG00000127954.13,0.0,4771
ENSG00000155966.14,0.0,4772
ENSG00000256969.2,0.0,4773
ENSG00000133116.8,0.0,4774
ENSG00000064886.14,0.0,4775
ENSG00000218416.4,0.0,4776
ENSG00000225937.3,0.0,4777
ENSG00000174099.12,0.0,4778
ENSG00000204978.3,0.0,4779
ENSG00000230563.4,0.0,4780
ENSG00000244682.7,0.0,4781
ENSG00000232229.6,0.0,4782
ENSG00000248771.5,0.0,4783
ENSG00000166448.15,0.0,4784
ENSG00000251381.8,0.0,4785
ENSG00000126262.5,0.0,4786
ENSG00000115380.20,0.0,4787
ENSG00000183873.18,0.0,4788
ENSG00000128438.10,0.0,4789
ENSG00000231550.1,0.0,4790
ENSG00000166503.9,0.0,4791
ENSG00000144366.16,0.0,4792
ENSG00000273703.2,0.0,4793
ENSG00000100450.13,0.0,4794
ENSG00000125337.19,0.0,4795
ENSG00000283486.2,0.0,4796
ENSG00000117069.15,0.0,4797
ENSG00000254872.3,0.0,4798
ENSG00000174946.7,0.0,4799
ENSG00000269001.2,0.0,4800
ENSG00000283646.2,0.0,4801
ENSG00000264175.1,0.0,4802
ENSG00000225492.6,0.0,4803
ENSG00000184270.6,0.0,4804
ENSG00000225308.2,0.0,4805
ENSG00000261222.3,0.0,4806
ENSG00000153822.14,0.0,4807
ENSG00000185352.8,0.0,4808
ENSG00000100253.13,0.0,4809
ENSG00000101197.13,0.0,4810
ENSG00000108688.11,0.0,4811
ENSG00000265018.6,0.0,4812
ENSG00000169933.16,0.0,4813
ENSG00000133433.11,0.0,4814
ENSG00000164400.6,0.0,4815
ENSG00000136099.13,0.0,4816
ENSG00000115828.17,0.0,4817
ENSG00000286984.1,0.0,4818
ENSG00000134775.15,0.0,4819
ENSG00000066294.15,0.0,4820
ENSG00000287672.1,0.0,4821
ENSG00000143184.5,0.0,4822
ENSG00000253953.3,0.0,4823
ENSG00000188822.8,0.0,4824
ENSG00000109943.9,0.0,4825
ENSG00000236039.3,0.0,4826
ENSG00000188624.3,0.0,4827
ENSG00000213816.3,0.0,4828
ENSG00000262583.1,0.0,4829
ENSG00000160716.6,0.0,4830
ENSG00000197258.5,0.0,4831
ENSG00000213189.5,0.0,4832
ENSG00000187242.6,0.0,4833
ENSG00000166450.13,0.0,4834
ENSG00000223722.3,0.0,4835
ENSG00000012223.13,0.0,4836
ENSG00000130876.11,0.0,4837
ENSG00000122824.11,0.0,4838
ENSG00000186086.18,0.0,4839
ENSG00000285417.1,0.0,4840
ENSG00000259370.2,0.0,4841
ENSG00000170178.7,0.0,4842
ENSG00000259674.1,0.0,4843
ENSG00000276980.1,0.0,4844
ENSG00000181722.17,0.0,4845
ENSG00000118094.12,0.0,4846
ENSG00000210077.1,0.0,4847
ENSG00000240972.2,0.0,4848
ENSG00000215023.2,0.0,4849
ENSG00000249574.1,0.0,4850
ENSG00000165269.13,0.0,4851
ENSG00000163884.4,0.0,4852
ENSG00000111537.5,0.0,4853
ENSG00000261172.1,0.0,4854
ENSG00000214290.8,0.0,4855
ENSG00000250986.1,0.0,4856
ENSG00000166257.9,0.0,4857
ENSG00000081051.8,0.0,4858
ENSG00000267056.2,0.0,4859
ENSG00000156466.10,0.0,4860
ENSG00000227183.3,0.0,4861
ENSG00000182667.14,0.0,4862
ENSG00000157168.20,0.0,4863
ENSG00000276085.1,0.0,4864
ENSG00000278974.1,0.0,4865
ENSG00000100453.13,0.0,4866
ENSG00000041982.16,0.0,4867
ENSG00000214297.3,0.0,4868
ENSG00000109321.11,0.0,4869
ENSG00000189369.9,0.0,4870
ENSG00000174501.14,0.0,4871
ENSG00000095627.9,0.0,4872
ENSG00000173698.18,0.0,4873
ENSG00000149970.16,0.0,4874
ENSG00000113088.6,0.0,4875
ENSG00000276107.1,0.0,4876
ENSG00000113763.12,0.0,4877
ENSG00000187889.13,0.0,4878
ENSG00000270885.2,0.0,4879
ENSG00000064692.20,0.0,4880
ENSG00000151025.11,0.0,4881
ENSG00000166143.10,0.0,4882
ENSG00000146006.8,0.0,4883
ENSG00000239437.3,0.0,4884
ENSG00000188820.13,0.0,4885
ENSG00000237438.7,0.0,4886
ENSG00000231298.7,0.0,4887
ENSG00000099985.4,0.0,4888
ENSG00000237984.3,0.0,4889
ENSG00000245164.8,0.0,4890
ENSG00000197582.5,0.0,4891
ENSG00000255240.6,0.0,4892
ENSG00000082497.12,0.0,4893
ENSG00000170627.11,0.0,4894
ENSG00000188763.5,0.0,4895
ENSG00000177494.6,0.0,4896
ENSG00000173947.14,0.0,4897
ENSG00000208892.1,0.0,4898
ENSG00000134569.10,0.0,4899
ENSG00000213225.7,0.0,4900
ENSG00000257335.8,0.0,4901
ENSG00000026751.17,0.0,4902
ENSG00000204767.4,0.0,4903
ENSG00000281195.1,0.0,4904
ENSG00000136002.20,0.0,4905
ENSG00000197134.13,0.0,4906
ENSG00000180767.10,0.0,4907
ENSG00000174827.14,0.0,4908
ENSG00000171401.15,0.0,4909
ENSG00000162975.5,0.0,4910
ENSG00000244694.7,0.0,4911
ENSG00000234964.4,0.0,4912
ENSG00000274512.5,0.0,4913
ENSG00000105492.16,0.0,4914
ENSG00000125998.8,0.0,4915
ENSG00000079308.19,0.0,4916
ENSG00000107165.13,0.0,4917
ENSG00000277117.5,0.0,4918
ENSG00000211829.9,0.0,4919
ENSG00000105366.15,0.0,4920
ENSG00000261780.3,0.0,4921
ENSG00000198918.8,0.0,4922
ENSG00000257017.9,0.0,4923
ENSG00000244485.1,0.0,4924
ENSG00000116299.17,0.0,4925
ENSG00000125848.10,0.0,4926
ENSG00000233928.6,0.0,4927
ENSG00000277775.2,0.0,4928
ENSG00000282886.1,0.0,4929
ENSG00000255595.5,0.0,4930
ENSG00000150656.15,0.0,4931
ENSG00000201793.1,0.0,4932
ENSG00000143320.9,0.0,4933
ENSG00000225548.7,0.0,4934
ENSG00000138347.16,0.0,4935
ENSG00000283757.1,0.0,4936
ENSG00000178146.9,0.0,4937
ENSG00000168497.5,0.0,4938
ENSG00000241684.6,0.0,4939
ENSG00000061455.11,0.0,4940
ENSG00000115112.8,0.0,4941
ENSG00000177932.7,0.0,4942
ENSG00000278212.2,0.0,4943
ENSG00000224585.1,0.0,4944
ENSG00000188263.10,0.0,4945
ENSG00000240602.7,0.0,4946
ENSG00000198780.12,0.0,4947
ENSG00000235621.9,0.0,4948
ENSG00000227258.6,0.0,4949
ENSG00000196090.12,0.0,4950
ENSG00000008735.14,0.0,4951
ENSG00000197249.14,0.0,4952
ENSG00000224389.9,0.0,4953
ENSG00000266401.2,0.0,4954
ENSG00000102468.11,0.0,4955
ENSG00000160229.13,0.0,4956
ENSG00000138675.16,0.0,4957
ENSG00000197057.10,0.0,4958
ENSG00000145692.15,0.0,4959
ENSG00000180861.9,0.0,4960
ENSG00000171502.15,0.0,4961
ENSG00000143341.12,0.0,4962
ENSG00000287331.1,0.0,4963
ENSG00000188818.12,0.0,4964
ENSG00000235269.2,0.0,4965
ENSG00000235142.10,0.0,4966
ENSG00000101307.16,0.0,4967
ENSG00000216588.9,0.0,4968
ENSG00000177455.15,0.0,4969
ENSG00000237077.1,0.0,4970
ENSG00000105967.16,0.0,4971
ENSG00000035720.8,0.0,4972
ENSG00000155657.28,0.0,4973
ENSG00000175857.8,0.0,4974
ENSG00000105852.11,0.0,4975
ENSG00000287656.1,0.0,4976
ENSG00000144488.15,0.0,4977
ENSG00000167483.19,0.0,4978
ENSG00000185070.11,0.0,4979
ENSG00000261616.1,0.0,4980
ENSG00000163288.14,0.0,4981
ENSG00000284797.1,0.0,4982
ENSG00000091583.11,0.0,4983
ENSG00000200488.1,0.0,4984
ENSG00000165841.11,0.0,4985
ENSG00000172346.15,0.0,4986
ENSG00000146373.16,0.0,4987
ENSG00000199370.2,0.0,4988
ENSG00000233355.7,0.0,4989
ENSG00000148584.15,0.0,4990
ENSG00000259925.1,0.0,4991
ENSG00000164070.12,0.0,4992
ENSG00000095777.17,0.0,4993
ENSG00000203797.12,0.0,4994
ENSG00000246223.9,0.0,4995
ENSG00000244675.2,0.0,4996
ENSG00000111339.12,0.0,4997
ENSG00000122420.10,0.0,4998
ENSG00000078725.13,0.0,4999
ENSG00000129824.16,0.0,5000
