gene,gene_symbol,llm_score,rationale
ENSG00000141338.14,ABCA8,75,"The abstracts provide strong CRC-specific evidence showing ABCA8 as a tumor suppressor that inhibits malignant progression through the Wnt/β-catenin pathway, with clear biomarker potential for diagnosis and treatment, though validation studies are still emerging."
ENSG00000230316.7,FEZF1-AS1,85,"The abstracts provide strong direct evidence for FEZF1-AS1 as a CRC biomarker, demonstrating its upregulation in colon cancer, association with poor prognosis, diagnostic potential in plasma, and mechanistic roles in autophagy, chemoresistance, and EMT through PI3K/AKT/mTOR and P53 pathways."
ENSG00000171714.12,ANO5,25,"ANO5 is mentioned in two CRC-related abstracts but only in passing as part of larger genomic studies, with no specific evidence of biomarker utility or mechanistic role in colorectal cancer."
ENSG00000214039.9,LINC02418,85,"The abstracts provide strong direct evidence for LINC02418 as a CRC biomarker, demonstrating upregulation in CRC tissues, association with poor survival, mechanistic roles in Wnt signaling and chemoresistance, and potential as a therapeutic target with validated in vivo approaches."
ENSG00000167755.15,KLK6,75,"The abstracts provide strong CRC-specific evidence for KLK6 as a biomarker, including upregulation in tumors, association with poor survival, mechanistic insights through Wnt/APC signaling, and validation in mouse models, though clinical validation as an established biomarker is still emerging."
ENSG00000183034.13,OTOP2,75,"The abstracts provide strong CRC-specific evidence for OTOP2 as a biomarker, demonstrating its downregulation in colorectal cancer, association with better survival outcomes, tumor suppressive effects, and potential as a prognostic indicator and predictor of immunotherapy response."
ENSG00000065325.13,GLP2R,75,"The abstracts provide strong CRC-specific evidence for GLP2R as a biomarker, showing it is downregulated in CRC with prognostic significance, mechanistic involvement in glycolysis and immune evasion through Hippo signaling, and validated utility in multiple prognostic models for survival prediction."
ENSG00000152785.8,BMP3,75,"The abstracts provide strong evidence for BMP3 as a CRC biomarker, specifically mentioning its FDA approval as part of a stool-based test combination with NDRG4, and its inclusion in high-performing multi-marker panels with sensitivities ranging from 90-98% for CRC detection."
ENSG00000091138.13,SLC26A3,75,"The abstracts provide strong CRC-specific evidence for SLC26A3 as a biomarker, demonstrating its role as a tumor suppressor in colorectal cancer progression and its involvement in sessile serrated lesions (CRC precursors), with clear mechanistic insights into lactylation regulation and bicarbonate transport dysfunction."
ENSG00000168748.14,CA7,75,"The abstracts provide strong CRC-specific evidence with CA7 consistently identified as a biomarker across multiple studies, showing diagnostic utility (100% accuracy in one study), prognostic value, and mechanistic involvement in CRC progression, though validation as an established clinical biomarker is still emerging."
ENSG00000128610.12,FEZF1,20,"Only one abstract mentions FEZF1 (specifically FEZF1-AS1) in relation to colon cancer, but it's just a correction notice without actual research content. The other abstracts discuss general cancer topics or unrelated research without any FEZF1-specific evidence."
ENSG00000167434.10,CA4,25,"CA4 is mentioned in CRC contexts but primarily as part of multi-gene prognostic signatures or as a reference compound (combretastatin A4) rather than as a direct CRC biomarker, with limited CRC-specific evidence for CA4 itself."
ENSG00000044012.4,GUCA2B,75,"The abstracts provide strong CRC-specific evidence for GUCA2B as a biomarker, showing consistent downregulation in CRC tissues, high diagnostic accuracy (near 100%), prognostic significance, and mechanistic involvement through the GUCA2B-GUCY2C axis and miRNA regulation, though validation as an established clinical biomarker is still emerging."
ENSG00000185269.12,NOTUM,85,"The abstracts provide strong, direct evidence for NOTUM as a CRC biomarker with clear diagnostic and therapeutic potential, including its role in Wnt signaling regulation, spatial localization at tumor boundaries, and utility in drug screening assays."
ENSG00000131096.10,PYY,45,"The abstracts mention PYY in colorectal cancer contexts but primarily as part of broader studies rather than focused CRC biomarker research. While one abstract identifies PYY as a potential diagnostic biomarker with decreased expression in CRC, and another discusses its antitumor effects, the evidence is limited and not extensively validated for CRC-specific biomarker utility."
ENSG00000174015.10,CBY2,0,"The abstracts discuss SPERT gene, not CBY2 gene, so they provide no evidence for CBY2 as a colorectal cancer biomarker."
ENSG00000197273.4,GUCA2A,65,"GUCA2A shows strong CRC-specific biomarker evidence with excellent diagnostic performance (99.6% AUC) and prognostic value for overall survival, though validation is primarily computational with limited experimental confirmation."
ENSG00000248144.6,ADH1C,75,"The abstracts provide strong CRC-specific evidence for ADH1C as a biomarker, demonstrating its role in hypoxia response, differential expression patterns between normal and cancer tissue, diagnostic potential, and prognostic value in CRC progression and treatment response."
ENSG00000166292.12,TMEM100,85,"The abstracts provide strong direct evidence for TMEM100 as a CRC biomarker, demonstrating its prognostic value (correlation with overall survival), tumor suppressor function through specific mechanisms (HIF-1α degradation and TGF-β pathway modulation), and validation through multiple experimental approaches including tissue microarrays and functional studies."
ENSG00000175497.17,DPP10,65,"The abstracts provide strong CRC-specific evidence for DPP10, including its role as a prognostic biomarker where loss of expression correlates with poor survival outcomes, and its involvement in colon cancer stem cell regulation through the DPP10-AS1 pathway."
ENSG00000170419.11,VSTM2A,95,"The abstracts provide exceptionally strong evidence for VSTM2A as a CRC biomarker, demonstrating direct tumor suppressor function, prognostic value, and therapeutic potential through multiple mechanisms including Wnt signaling antagonism and immune checkpoint modulation."
ENSG00000232679.2,LINC02257,85,"The abstracts provide strong, direct evidence for LINC02257 as a CRC biomarker with clear prognostic utility, mechanistic insights into its role in metastasis and EMT pathways, and validation across multiple independent studies with functional experiments."
ENSG00000030304.14,MUSK,15,"While MUSK is mentioned in one abstract about myasthenia gravis in a rectal cancer patient, there is no evidence presented for MUSK as a CRC biomarker - it appears only in the context of antibody testing for a neurological side effect of immunotherapy."
ENSG00000269404.7,SPIB,75,"The abstracts provide strong CRC-specific evidence for SPIB as a biomarker, demonstrating its tumor suppressor role in colorectal cancer progression, metastasis, and drug resistance through well-characterized molecular mechanisms including autophagy regulation and transcriptional control."
ENSG00000123500.10,COL10A1,75,"The abstracts provide strong CRC-specific evidence for COL10A1 as a biomarker, with direct evidence of its role in CRC progression, poor prognosis, and mechanistic involvement in EMT and immune suppression through cancer-associated fibroblasts, though validation as an established clinical biomarker is still emerging."
ENSG00000169035.12,KLK7,85,"The abstracts provide strong, direct evidence for KLK7 as a CRC biomarker, demonstrating its overexpression in advanced CRC stages, association with shorter progression-free survival, promotion of metastasis and peritoneal dissemination, and correlation with aggressive tumor features including nodal metastasis and vascular invasion."
ENSG00000165072.10,MAMDC2,75,"The abstract provides strong CRC-specific evidence showing MAMDC2 overexpression in MSS colorectal cancer with high tumor stromal ratio, association with peritoneal metastases, and mechanistic insights into EMT regulation and CAF interaction, indicating emerging biomarker potential for specific CRC subtypes."
ENSG00000186462.9,NAP1L2,75,"The abstract presents strong CRC-specific evidence showing NAP1L2 as part of a biomarker panel with superior diagnostic performance compared to standard markers (CEA, CA19.9), achieving 100% sensitivity and 93% accuracy for CRC detection, though validation appears limited to one study."
ENSG00000135220.11,UGT2A3,75,"The abstracts provide strong CRC-specific evidence for UGT2A3 as a biomarker, demonstrating consistent downregulation in colorectal cancer tissues, diagnostic utility (AUC 0.969), prognostic associations, and mechanistic links to bile acid metabolism and immune microenvironment modulation."
ENSG00000142959.5,BEST4,75,"The abstracts provide strong CRC-specific evidence for BEST4 as a biomarker, including its role in suppressing EMT, association with prognosis, and identification as a diagnostic gene with high AUC values (0.94-0.82) in machine learning models, though validation as an established clinical biomarker is still emerging."
ENSG00000226320.6,LINC01811,85,"The abstract provides direct, specific evidence of LINC01811 as a CRC biomarker with clear mechanistic insight through the miR-214-3p/YAP1 axis and demonstrated functional effects on cancer cell migration and invasion, representing strong biomarker potential for this oncogenic lncRNA."
ENSG00000172987.13,HPSE2,0,No abstracts provided for evaluation.
ENSG00000104112.9,SCG3,75,"The abstracts provide strong CRC-specific evidence with SCG3 identified as a biomarker for rectal cancer progression and prognosis, showing association with pathological stage and survival outcomes, though validation is still emerging."
ENSG00000164270.18,HTR4,45,"The abstracts mention HTR4 in CRC contexts but provide limited direct evidence of biomarker utility. One abstract identifies an HTR4 SNP associated with CRC and shows HTR4 downregulation, while others discuss HTR4's role in bowel preparation and enteric neurogenesis, but these are more tangentially related to CRC biomarker potential."
ENSG00000167080.9,B4GALNT2,85,"The abstracts provide strong, direct evidence for B4GALNT2 as a CRC biomarker, showing it is dramatically downregulated in colorectal cancer with high expression associated with longer survival and better prognosis, supported by mechanistic insights into its regulation and tumor-suppressive functions."
ENSG00000071203.9,MS4A12,75,"The abstracts provide strong CRC-specific evidence for MS4A12 as a biomarker, particularly showing its association with treatment resistance, poor prognosis, and survival outcomes in rectal cancer patients, though the evidence is primarily from emerging studies rather than fully validated clinical applications."
ENSG00000168546.11,GFRA2,45,"GFRA2 is mentioned in CRC-related abstracts as a differentially expressed and methylated gene with diagnostic value, but it is not the primary focus and lacks detailed mechanistic or biomarker validation studies."
ENSG00000169862.19,CTNND2,0,"The abstract discusses mPGES-1 gene instability in colorectal cancer but does not mention CTNND2, which is the gene being evaluated."
ENSG00000103375.11,AQP8,75,"The abstracts provide strong CRC-specific evidence for AQP8 as a biomarker, with consistent findings across multiple studies showing its downregulation in CRC and inclusion in prognostic models, though its role appears to be emerging rather than fully validated."
ENSG00000064205.10,CCN5,65,"The abstracts provide strong CRC-specific evidence for CCN5 (WISP2) as a biomarker, showing its role in CRC progression through Wnt/β-catenin signaling and its dysregulation in CRC, though the evidence is emerging rather than fully validated."
ENSG00000211890.4,IGHA2,25,"The abstracts mention A2M (alpha-2-macroglobulin) in CRC contexts but provide limited direct evidence for its role as a CRC biomarker, with most findings being tangential or part of broader multi-cancer studies rather than CRC-specific investigations."
ENSG00000125851.10,PCSK2,25,"PCSK2 is mentioned in colorectal cancer contexts but only tangentially - primarily in neuroendocrine tumor classification and as a SUMOylation factor (PC2) in one study, with no direct evidence of CRC biomarker utility."
ENSG00000170373.8,CST1,85,"The abstracts provide strong, direct evidence for CST1 as a CRC biomarker with diagnostic and prognostic utility, including overexpression in CRC tissues, correlation with TNM staging and lymph node metastasis, association with poor prognosis, and mechanistic insights through multiple regulatory pathways."
ENSG00000235026.6,DPP10-AS1,85,"The abstract provides direct, specific evidence of DPP10-AS1 as a CRC biomarker with clear anti-tumor effects, prognostic associations (TNM stage, lymph node metastasis), and detailed mechanistic insights through miR-127-3p/ADCY1 pathway regulation of cancer stem cell properties."
ENSG00000111404.7,RERGL,75,"The abstracts provide strong CRC-specific evidence for RERGL as a biomarker, showing consistent downregulation in colorectal adenomas versus hyperplastic polyps, association with CRC prognosis, and involvement in a rare structural variation linked to familial CRC risk, though validation as an established biomarker is still emerging."
ENSG00000089199.10,CHGB,35,"CHGB appears in multiple CRC studies as part of prognostic gene signatures, but the abstracts provide limited direct evidence of its specific role or biomarker utility in colorectal cancer, with most mentions being within broader multi-gene panels rather than focused mechanistic studies."
ENSG00000034971.17,MYOC,20,"While one abstract mentions colon cancer in the context of Src transformation and identifies MYOC as part of a transformation fingerprint, the primary focus is on glaucoma research with only tangential CRC relevance through general transformation pathways."
ENSG00000137727.12,ARHGAP20,65,"The abstract provides direct evidence of ARHGAP20 as a prognostic biomarker in rectal cancer, showing differential protein expression between tumor and normal tissues and association with overall survival through comprehensive TCGA and validation analyses."
ENSG00000196660.11,SLC30A10,65,"The abstracts provide strong CRC-specific evidence with SLC30A10 identified as a downregulated gene in CRC transcriptomic analysis, involvement in cisplatin resistance mechanisms, and protective effects through colonic microbiota homeostasis, though biomarker validation remains limited."
ENSG00000150471.16,ADGRL3,25,"The abstracts mention LPHN3 (ADGRL3) in colorectal cancer contexts but only as part of broader multi-gene panels or pathway studies, without specific evidence of its individual biomarker utility or mechanistic role in CRC."
ENSG00000163586.10,FABP1,75,"The abstracts provide strong CRC-specific evidence for FABP1 as a biomarker, showing its role in colorectal cancer progression, metabolic reprogramming, and potential therapeutic targeting, though validation as an established clinical biomarker is still emerging."
ENSG00000122756.15,CNTFR,35,"The abstract identifies CNTFR as hypermethylated in 22% of colorectal cancer patients, but provides minimal CRC-specific mechanistic insight or biomarker validation, with the gene being one of nine mentioned without detailed functional analysis."
ENSG00000173237.4,C11orf86,25,The abstracts mention colorectal cancer but focus primarily on drug combination studies rather than C11orf86 as a biomarker. Neither abstract discusses C11orf86 specifically or provides evidence for its role as a CRC biomarker.
ENSG00000143171.13,RXRG,75,"The abstracts provide strong CRC-specific evidence showing RXRG's decreased expression during colorectal carcinogenesis and its role as a therapeutic target, with multiple studies demonstrating biomarker potential through differential expression patterns and drug targeting mechanisms."
ENSG00000228742.11,LINC02577,75,"The abstracts provide strong CRC-specific evidence for LINC02577 as a biomarker, with Abstract 1 demonstrating excellent diagnostic performance (AUC = 0.982) and significant upregulation in CRC tumors, plus association with treatment response to leucovorin-containing therapy."
ENSG00000139800.8,ZIC5,85,"The abstracts provide strong, direct evidence for ZIC5 as a CRC biomarker with established prognostic value, mechanistic insights through Wnt signaling activation, and therapeutic potential as demonstrated by targeted compounds inducing cancer cell apoptosis."
ENSG00000136546.16,SCN7A,0,"No abstracts provided contain any mention of the SCN7A gene, which is a sodium channel gene. All abstracts focus on colorectal cancer topics but discuss other biomarkers and methodologies without reference to SCN7A."
ENSG00000101441.4,CST4,85,"The abstracts provide strong, direct evidence for CST4 as a CRC biomarker with validated diagnostic utility, showing superior performance compared to conventional markers like CEA and CA19-9, and demonstrating clinical application in point-of-care diagnosis with high accuracy (AUC 100% in one study)."
ENSG00000154165.5,GPR15,65,"The abstracts provide strong CRC-specific evidence with GPR15 showing biomarker potential through differential expression, prognostic modeling, and therapeutic targeting, though the evidence is emerging rather than fully validated."
ENSG00000233532.6,LINC00460,85,"The abstracts provide strong, direct evidence for LINC00460 as a CRC biomarker with demonstrated diagnostic, prognostic, and therapeutic potential, including associations with metastasis, survival outcomes, and immune escape mechanisms specific to colorectal cancer."
ENSG00000178773.15,CPNE7,85,"The abstracts provide strong, direct evidence of CPNE7 as a CRC biomarker with clear diagnostic and therapeutic potential, including overexpression in CRC tissues, correlation with patient prognosis, mechanistic insights through multiple pathways (NONO-ZFP42, ATG9B/autophagy, EMT, MAPK), and demonstrated therapeutic targeting approaches."
ENSG00000233670.7,PIRT,0,The abstracts discuss PIRT in contexts unrelated to colorectal cancer biomarkers - one about a transgenic mouse model for pain research and another about radiotherapy abbreviations for anal cancer treatment.
ENSG00000113594.10,LIFR,20,"LIFR is mentioned only tangentially in the abstracts - once as part of a lncRNA name (LIFR-AS1) in a liver cancer study and once as a miR-21 target gene validated in cervical cancer cells, with no direct CRC-specific evidence or biomarker utility demonstrated."
ENSG00000176399.4,DMRTA1,0,No abstracts provided for evaluation.
ENSG00000135549.15,PKIB,75,"The abstracts provide strong CRC-specific evidence for PKIB as a biomarker, including differential expression in CRC tissues, association with tumor infiltration and poor prognosis, and identification as a survival-critical gene in genomic instability analysis."
ENSG00000167767.14,KRT80,75,"The abstracts provide strong CRC-specific evidence for KRT80 as a biomarker, showing its upregulation in tumor budding regions, association with poor prognosis, regulation by miR-195-5p, and identification as a progression-significant biomarker in comprehensive genomic analysis, though validation as an established clinical biomarker is still emerging."
ENSG00000127951.8,FGL2,75,"The abstracts provide strong CRC-specific evidence for FGL2 as a biomarker, demonstrating its role in colorectal liver metastases through TAM-derived extracellular vesicles, its inclusion in diagnostic miRNA-mRNA regulatory pairs, and its identification as a prognostically significant core gene in immune molecular subtypes of colon cancer."
ENSG00000104371.5,DKK4,85,"The abstracts provide strong direct evidence for DKK4 as a CRC biomarker, demonstrating its upregulation in CRC tissues and cell lines, significant prognostic value for survival outcomes, and clear mechanistic role in Wnt/β-catenin signaling regulation and metastasis control."
ENSG00000157005.4,SST,25,"SST is mentioned as one of five downregulated cuproptosis-related hub genes identified as potential diagnostic biomarkers for colon cancer in abstract 1, and discussed in the context of the SRIF system and tumor-associated macrophages in CRC in abstract 2, but evidence is limited and indirect with no specific validation of SST's biomarker utility."
ENSG00000141668.10,CBLN2,75,"The abstracts provide strong CRC-specific evidence for CBLN2 as a biomarker, showing downregulation associated with poor outcomes, mechanistic involvement in STAT3/PD-L1 pathways, and inclusion in multiple prognostic models, though validation is still emerging rather than fully established."
ENSG00000176533.13,GNG7,85,"The abstracts provide strong, direct evidence for GNG7 as a CRC biomarker with clear prognostic value, mechanistic insights through multiple pathways (mTOR, Wnt signaling), and demonstrated associations with immune infiltration and therapeutic potential."
ENSG00000205038.12,PKHD1L1,65,"The abstracts provide strong CRC-specific evidence with PKHD1L1 mutations significantly associated with both overall survival (HR=4.58) and recurrence risk (OR=3.24) in colorectal cancer patients, demonstrating clear prognostic biomarker potential, though validation across larger cohorts would strengthen the evidence."
ENSG00000039987.7,BEST2,75,"The abstracts provide strong CRC-specific evidence for BEST2 as a prognostic biomarker, with comprehensive validation showing low expression correlates with poor survival and high diagnostic accuracy (AUC = 0.97), though the biomarker role is emerging rather than fully established."
ENSG00000169860.7,P2RY1,45,"The abstracts mention P2RY1 in CRC contexts but provide limited direct evidence of its biomarker potential, with most references being secondary to other primary targets or part of broader purinergic signaling studies."
ENSG00000226629.1,LINC00974,65,"The abstract presents LINC00974 as an identified novel biomarker in colorectal cancer through comprehensive computational analysis, but lacks validation data or specific mechanistic insights about its biomarker utility."
ENSG00000133800.9,LYVE1,5,"The abstracts contain minimal CRC biomarker evidence for LYVE1, with only one abstract mentioning LYVE1 as a downregulated gene in a grape diet study focused on kidney health, not CRC."
ENSG00000163710.9,PCOLCE2,75,"The abstracts provide strong CRC-specific evidence with PCOLCE2 consistently identified as a prognostic biomarker across multiple independent studies, showing differential expression in CRC tissues and association with patient survival, though its biomarker utility is still emerging rather than clinically validated."
ENSG00000172572.7,PDE3A,45,"The abstracts mention colorectal cancer but PDE3A is not the primary focus - one study shows lower PDE3A expression in CRC patients, while others focus on gastric cancer or general cancer applications without CRC-specific biomarker validation."
ENSG00000088992.18,TESC,25,"The abstracts mention colorectal cancer in several contexts but provide limited evidence for TESC as a CRC biomarker. Most references are tangential (plant extracts, compound testing, organoid methods) with only one abstract mentioning TSC gene alterations in a rare rectal tumor case."
ENSG00000175161.14,CADM2,65,"The abstracts provide strong CRC-specific evidence for CADM2 as a tumor suppressor gene that is consistently downregulated in colorectal cancer, with demonstrated effects on cell proliferation, invasion, and migration, plus potential prognostic value through genetic interactions with smoking risk factors."
ENSG00000172318.5,B3GALT1,75,"The abstract provides strong CRC-specific evidence showing B3GALT1 (beta3Gal-T5) is down-regulated in colon adenocarcinomas compared to normal colon mucosa, with clear mechanistic insight into cancer-associated glycosylation patterns affecting carcinoembryonic antigen and other N-linked glycoproteins."
ENSG00000139910.20,NOVA1,65,"The abstracts provide strong CRC-specific evidence for NOVA1, showing its role in alternative splicing regulation, prognostic significance, and mechanistic involvement in CRC migration through the Notch pathway, though biomarker validation remains limited."
ENSG00000204936.10,CD177,72,"The abstracts provide strong CRC-specific evidence with CD177 identified as a validated whole-blood RNA biomarker achieving high diagnostic accuracy (AUC 0.952) and showing association with tumor progression, metastasis, and inflammation in colorectal cancer models."
ENSG00000062038.14,CDH3,85,"The abstracts provide strong, direct evidence for CDH3 as a CRC biomarker with clear diagnostic, prognostic, and therapeutic utility, including validated upregulation in CRC tissues, association with poor prognosis and metastasis, and potential as a therapeutic target for bispecific antibody-drug conjugates."
ENSG00000197085.11,NPSR1-AS1,75,"The abstracts provide strong CRC-specific evidence with NPSR1-AS1 showing direct involvement in colorectal cancer cell proliferation and validated diagnostic potential, though biomarker utility appears emerging rather than fully established."
ENSG00000259823.6,LYPD8,75,"The abstracts provide strong CRC-specific evidence showing LYPD8 is significantly reduced in colorectal cancer tissue compared to normal tissue, with clear biomarker potential through its role in inhibiting IL-6/TNF-α secretion and affecting cell proliferation/migration via STAT3/P65 pathways."
ENSG00000134201.12,GSTM5,65,"The abstracts provide strong CRC-specific evidence for GSTM5, including its role in oxaliplatin treatment outcomes, involvement in a circRNA regulatory pathway promoting CRC progression, and identification as a prognostic biomarker in metabolism-related gene signatures, though validation studies show mixed results."
ENSG00000243064.8,ABCC13,45,"ABCC13 is mentioned in CRC contexts across the abstracts, but evidence is limited - it's identified as a downregulated hub gene with diagnostic potential in one study and as an lncRNA associated with apoptosis regulation in another, while a third abstract shows it's a pseudogene in humans, limiting its biomarker utility."
ENSG00000228705.2,LINC00659,85,"The abstracts provide strong, direct evidence for LINC00659 as a CRC biomarker with clear diagnostic, prognostic, and therapeutic potential, including upregulation in CRC tissues, poor prognosis association, and detailed mechanistic pathways (Wnt/β-catenin, PI3K-AKT signaling)."
ENSG00000071991.9,CDH19,45,"CDH19 is mentioned in CRC-related abstracts but evidence is limited - one study shows downregulation in colorectal tumors versus normal tissue, and another mentions it as an enteric glial cell marker in tumor microenvironment analysis, but direct biomarker utility is not established."
ENSG00000073711.11,PPP2R3A,65,"The abstracts provide strong CRC-specific evidence for PPP2R3A as a tumor suppressor gene with functional hypermethylation leading to significant downregulation in colon cancer, though biomarker validation is still emerging."
ENSG00000005249.13,PRKAR2B,45,"PRKAR2B is mentioned in CRC contexts but primarily as part of broader gene panels or pathway studies rather than as a primary focus, with limited direct evidence for specific biomarker utility in colorectal cancer."
ENSG00000206579.9,XKR4,25,"The abstract mentions XKR4 only in passing as one of several genes with 3' UTR mutations potentially involved in metastasis and immunosuppression, but provides no specific evidence for XKR4 as a CRC biomarker or detailed mechanistic insights about its role."
ENSG00000007306.15,CEACAM7,75,"The abstracts provide strong CRC-specific evidence for CEACAM7 as a biomarker, showing consistent downregulation in CRC tissues, prognostic value for survival prediction, and differential expression in urinary exosomes from CRC patients, though the evidence is emerging rather than fully validated."
ENSG00000112936.19,C7,65,"The abstracts provide strong CRC-specific evidence with C7 identified as one of 11 prognostic genes in a validated risk model for colorectal cancer, though the biomarker role is emerging rather than fully established and mechanistic details are limited."
ENSG00000162460.7,TMEM82,25,"TMEM82 is only briefly mentioned as one of ten hub genes identified through bioinformatics analysis, with no correlation to CRC patient survival and no functional characterization provided in the abstract."
ENSG00000163295.5,ALPI,25,"While colon cancer is mentioned in abstracts 1, 4, and 5, ALPI (intestinal alkaline phosphatase) is not the primary focus of these studies, which instead focus on SMAC mimetics, IAP proteins, and apoptosis pathways with only tangential CRC relevance."
ENSG00000108405.4,P2RX1,35,"P2RX1 is mentioned in CRC-related contexts but evidence is limited and indirect. One abstract shows P2RX1 as part of a neutrophil signature associated with colon cancer invasion and survival, while another focuses on IBD rather than cancer, and the third only briefly mentions colon cancer in a pan-cancer analysis."
ENSG00000145384.4,FABP2,85,"The abstracts provide strong, direct evidence for FABP2 as a CRC biomarker with clear diagnostic and prognostic potential, including downregulated expression in CRC tissues/plasma, mechanistic insights through PPAR signaling and lipid metabolism, and validation across multiple study types."
ENSG00000185915.5,KLHL34,65,"The abstracts provide strong CRC-specific evidence with KLHL34 identified as a stage-II salient biomarker in colorectal cancer progression and its methylation status showing predictive potential for chemoradiation therapy response in rectal cancer patients, though validation in larger cohorts is still needed."
ENSG00000249948.6,GBA3,75,"The abstracts provide strong CRC-specific evidence showing cannabinoids (CBG, CBD) demonstrate antiproliferative effects, induce apoptosis, and modulate key pathways in colorectal cancer cell lines, with clear biomarker potential for therapeutic applications, though validation in clinical settings is still needed."
ENSG00000163106.11,HPGDS,75,"The abstracts provide strong CRC-specific evidence showing PGD2 as a biomarker for advanced disease stages and demonstrating that HPGDS-related prostaglandin pathways are dysregulated in CRC, with defective lipid class switching contributing to chronic inflammation and tumor progression."
ENSG00000197587.11,DMBX1,85,"The abstracts provide strong, direct evidence for CRC biomarker potential, with DMBX1 showing significant overexpression in colon cancer tissues, association with poor prognosis, and mechanistic involvement in EMT and tumor microenvironment regulation. Multiple studies demonstrate diagnostic utility of ATX as a serum biomarker and therapeutic targeting potential in colon cancer."
ENSG00000247381.3,PLUT,0,"The abstracts provided discuss colonoscopy preparation methods, non-coding RNAs as biomarkers, MSH3-related polyposis, and prostate cancer imaging, but contain no information about the gene PLUT or its role in colorectal cancer."
ENSG00000173597.9,SULT1B1,65,"The abstracts provide strong CRC-specific evidence with SULT1B1 identified as a prognostic biomarker in multiple studies, showing differential expression patterns and survival associations, though its role appears emerging rather than fully validated."
ENSG00000099953.10,MMP11,85,"The abstracts provide strong, direct evidence for MMP11 as a CRC biomarker, with multiple studies demonstrating its overexpression in CRC tissues, correlation with poor prognosis, association with tumor progression and metastasis, and validation of therapeutic targeting potential."
ENSG00000137872.17,SEMA6D,75,"The abstracts provide strong CRC-specific evidence for SEMA6D as a tumor suppressor with clear biomarker potential, including prognostic value, mechanistic insights through interferon signaling and EMT regulation, and therapeutic implications via epigenetic restoration."
ENSG00000152932.8,RAB3C,85,"The abstracts provide strong, direct evidence for RAB3C as a CRC biomarker with clear prognostic utility, mechanistic insights into IL6-STAT3 pathway modulation, and therapeutic implications including drug resistance and potential targeted treatments."
ENSG00000122641.11,INHBA,75,"The abstracts provide strong CRC-specific evidence for INHBA as a biomarker, with direct mechanistic insights into tumor progression, immune microenvironment modulation, and prognostic significance, though validation as an established clinical biomarker is still emerging."
ENSG00000211895.5,IGHA1,25,"IGHA1 is mentioned only tangentially in the context of general immune markers in colorectal cancer patients, without any specific evidence for its role as a CRC biomarker or mechanistic insights into CRC pathogenesis."
ENSG00000275395.6,FCGBP,75,"The abstracts provide strong CRC-specific evidence with clear biomarker potential, showing FCGBP's role as both a tumor suppressor (through P53 stabilization) and prognostic marker for treatment response and survival in rectal cancer patients undergoing chemoradiotherapy."
ENSG00000198846.6,TOX,65,"The abstracts provide strong CRC-specific evidence with TOX identified as a marker of exhausted CD8+ T cells in colorectal cancer contexts, including associations with tumor immunogenicity and recurrence rates, but the biomarker role is emerging rather than fully validated."
ENSG00000115507.10,OTX1,85,"The abstracts provide strong, direct evidence for OTX1 as a CRC biomarker, demonstrating hypermethylation as a diagnostic marker, overexpression associated with higher stage disease, and mechanistic roles in angiogenesis and epithelial-mesenchymal transition that promote CRC progression."
ENSG00000142875.19,PRKACB,65,"The abstracts provide strong CRC-specific evidence with PRKACB involved in key signaling pathways (DUSP4/CREB/PRKACB) that regulate tumor progression, metastasis, and EMT in colorectal cancer, though its role appears to be as part of broader oncogenic networks rather than as a standalone validated biomarker."
ENSG00000182938.7,OTOP3,85,"The abstracts provide strong direct evidence for OTOP3 as a CRC biomarker, with multiple studies demonstrating its role in CRC progression, prognosis prediction, and diagnostic potential through specific mechanisms like ferroptosis regulation and c-Myc stability."
ENSG00000112175.8,BMP5,65,"The abstracts provide strong CRC-specific evidence with BMP5 identified as a prognostic biomarker in multiple studies, showing diagnostic utility and mechanistic involvement through TGF-β pathway interactions and regulation by cancer-associated fibroblasts, though validation as an established biomarker is still emerging."
ENSG00000236081.1,ELFN1-AS1,85,"The abstracts provide strong direct evidence for ELFN1-AS1 as a CRC biomarker, demonstrating its role in cancer stem cell maintenance, prognostic significance in patient stratification, and potential as both a therapeutic target and neoantigen for immunotherapy."
ENSG00000066468.23,FGFR2,75,"The abstracts provide strong CRC-specific evidence for FGFR2 as a biomarker, including therapeutic targeting studies, prognostic significance of FGFR1 amplification in CRC, and pharmacogenomic associations with treatment toxicity, though the biomarker role is still emerging rather than fully validated."
ENSG00000162461.8,SLC25A34,75,"The abstracts provide strong CRC-specific evidence for SLC25A34 as a biomarker, showing reduced expression in CRC tissues/cells, inclusion in a validated diagnostic model, and detailed mechanistic insights through the MYLIP/NKRF regulatory axis, though biomarker validation appears emerging rather than fully established."
ENSG00000259417.3,CTXND1,0,"No abstracts provided for evaluation of CTXND1 gene - the provided abstracts discuss LINC01314 and miR-96, which are different molecular entities."
ENSG00000135298.14,ADGRB3,65,"The abstracts provide strong CRC-specific evidence with ADGRB3 identified as a hub gene associated with cancer onset and proposed as a novel biomarker, though validation is limited and biomarker utility requires further confirmation."
ENSG00000143196.5,DPT,25,"While abstract 5 mentions DPT (double positive T cells) in the context of colorectal cancer staging and shows lower DPT counts in advanced disease, this represents only tangential evidence as an immune cell marker rather than direct gene biomarker evidence for CRC."
ENSG00000179520.11,SLC17A8,25,"The abstract mentions colorectal distention as an experimental method but focuses on spinal pain mechanisms rather than CRC biomarker potential. SLC17A8/VGLUT3 is studied in the context of visceral pain transmission, not as a colorectal cancer biomarker."
ENSG00000229404.6,LINC00858,85,"The abstracts provide strong direct evidence for LINC00858 as a CRC biomarker, demonstrating its role in promoting colorectal cancer progression, hepatic metastases, and its association with patient survival through well-characterized molecular mechanisms."
ENSG00000100665.12,SERPINA4,20,"While the first abstract title mentions SERPINA4 facilitating colorectal cancer progression, the abstract content is missing (marked as 'nan'). The remaining abstracts discuss various aspects of colorectal cancer but do not mention SERPINA4 at all, providing no evidence for its biomarker potential."
ENSG00000163347.6,CLDN1,85,"The abstracts provide strong direct evidence for CLDN1 as a CRC biomarker, showing consistent overexpression (40-fold increase in 100% of CRC tumors), validated diagnostic/prognostic utility across multiple studies, clear mechanistic roles in EMT and metastasis, and demonstrated therapeutic targeting potential for fluorescence-guided surgery and immunotherapy."
ENSG00000144619.15,CNTN4,25,"CNTN4 is mentioned only briefly in one abstract as a novel gene identified in a GWAS for nonhereditary colorectal polyposis, but no specific functional or mechanistic data about its role as a CRC biomarker is provided."
ENSG00000119121.22,TRPM6,75,"The abstracts provide strong CRC-specific evidence for TRPM6 as a biomarker, demonstrating its role in colorectal cancer progression, prognosis, and therapeutic targeting, with mechanistic insights into magnesium homeostasis and cancer stemness regulation."
ENSG00000162896.6,PIGR,65,"PIGR shows consistent evidence as a CRC biomarker across multiple studies, with prognostic significance in patient outcomes, involvement in drug resistance mechanisms, and inclusion in methylation-based prognostic signatures, though its role appears context-dependent rather than universally established."
ENSG00000117115.13,PADI2,45,"The abstracts mention colorectal cancer in one study showing PADI2's role in reversing multidrug resistance through Wnt/β-catenin pathway modulation, but most evidence focuses on inflammatory bowel disease, fibromyalgia, and lung cancer rather than establishing PADI2 as a specific CRC biomarker."
ENSG00000187715.13,KBTBD12,25,"KBTBD12 is mentioned only as one of the top 10 down-regulated genes in colorectal adenoma compared to hyperplastic polyps, with no further investigation, functional analysis, or biomarker validation specific to this gene."
ENSG00000029559.7,IBSP,15,"The abstracts focus on mutational signatures, geographic variations, SFRP gene family, and DNMT3B in colorectal cancer, but contain no mention of IBSP gene, providing no evidence for IBSP as a CRC biomarker."
ENSG00000141431.12,ASXL3,25,"The abstracts mention ASXL1 truncation mutations in colorectal cancers with microsatellite instability, but ASXL3 is only mentioned in melanoma context, with no direct CRC-specific evidence provided."
ENSG00000135406.14,PRPH,65,"The abstracts provide strong CRC-specific evidence with PRPH identified as part of a validated 5-gene prognostic signature for rectal cancer and demonstrated as a biomarker for predicting metastatic potential in rectal endocrine neoplasms, though the evidence is primarily focused on rectal cancer subtypes rather than broader colorectal cancer."
ENSG00000102409.10,BEX4,65,"The abstract provides direct CRC-specific evidence identifying BEX4 as one of 15 prognostic biomarkers through multivariate Cox regression analysis, with demonstrated predictive utility for overall survival in CRC patients. However, BEX4 is mentioned only as part of a multi-gene signature without individual mechanistic or functional details."
ENSG00000211652.2,IGLV7-43,25,"The abstracts mention colon cancer and colorectal cancer only in passing as case studies for miRNA-disease association prediction methods, without providing any specific evidence about IGLV7-43 as a CRC biomarker."
ENSG00000204542.3,C6orf15,20,"While CRC is mentioned in multiple abstracts, C6orf15 is not specifically discussed in any of them, and the abstracts focus on other topics like tocotrienols, clinical guidelines, screening experiences, and general methodological tools rather than providing direct evidence for C6orf15 as a CRC biomarker."
ENSG00000242371.1,IGKV1-39,20,"The abstracts mention colorectal cancer only tangentially - one abstract describes decreased IGKV1-39 expression in liver metastases from CRC patients, and another mentions colorectal cancer in passing within a broader genomics conference. There is no direct evidence of IGKV1-39 serving as a CRC biomarker."
ENSG00000184434.8,LRRC19,75,"The abstracts provide strong CRC-specific evidence for LRRC19 as a biomarker, demonstrating its downregulation in CRC tissues, association with poor prognosis and overall survival, and mechanistic roles in cell cycle regulation and immune microenvironment modulation, though validation as an established clinical biomarker is still emerging."
ENSG00000104888.10,SLC17A7,65,"The abstracts provide strong CRC-specific evidence with SLC17A7 identified as both a core gene in colon cancer functional networks and part of a validated seven-gene prognostic signature, though the biomarker role is emerging rather than fully established."
ENSG00000149970.16,CNKSR2,25,"While CNKSR2 (KSR2) is mentioned in several abstracts related to cancer research, the evidence for CRC biomarker potential is limited and indirect, with only tangential mentions in colon cancer contexts without specific CRC-focused data or validation."
ENSG00000158270.12,COLEC12,45,"COLEC12 is mentioned in CRC contexts across multiple abstracts, particularly as part of a prognostic signature and CAF risk model, but evidence is indirect and the gene is not the primary focus of investigation."
ENSG00000172020.13,GAP43,45,"GAP43 is mentioned in CRC contexts but evidence is mixed - one abstract shows it's downregulated and methylated in CRC with potential mechanistic insights, while another includes it in a prognostic signature, but overall the CRC-specific biomarker evidence is limited and not the primary focus of most abstracts."
ENSG00000162520.15,SYNC,25,"The abstracts mention colorectal cancer only in the context of metastatic disease treatment with radiotherapy, without any specific evidence for SYNC as a CRC biomarker or any discussion of SYNC's role in colorectal cancer biology."
ENSG00000174358.16,SLC6A19,65,"The abstracts provide strong CRC-specific evidence for SLC6A19 as a biomarker, with two studies demonstrating its downregulation in CRC, association with poor survival, and functional validation showing tumor suppressive effects in vitro and in vivo, though the biomarker role is still emerging rather than clinically validated."
ENSG00000204136.11,GGTA1,20,"The abstract mentions colorectal cancer cell lines (HT-29, SW-620) only as experimental models for studying MMP1 gene promoter polymorphisms, but provides no CRC-specific results, biomarker evidence, or mechanistic insights relevant to colorectal cancer."
ENSG00000038295.8,TLL1,20,"While one abstract mentions colorectal cancer in the context of genetic mutations and pathogenesis, TLL1 is not specifically discussed as a biomarker, and the other abstracts focus on unrelated topics like cell-free DNA, leukemia treatment, diabetes, and gut bacteria."
ENSG00000164176.13,EDIL3,65,"The abstracts provide moderate CRC-specific evidence for EDIL3 as a biomarker, with one study showing EDIL3 is elevated in plasma exosomes from CRC patients and significantly reduced in CRC tissue compared to healthy colon tissue, though the primary focus was on QSOX1 rather than EDIL3."
ENSG00000105219.10,CCNP,85,"The abstracts provide strong, direct evidence for CCNP/CNTD2 as a CRC biomarker, demonstrating upregulation in colorectal cancer tissue, association with worse prognosis, and clear mechanistic roles in cancer stemness through WNT pathway activation and promotion of cell proliferation/migration."
ENSG00000162761.14,LMX1A,75,"The abstracts provide strong CRC-specific evidence for LMX1A as a prognostic biomarker, with methylation status significantly associated with poor survival outcomes in early-stage CRC patients and validated as part of a four-gene prognostic panel."
ENSG00000116176.6,TPSG1,20,Only one abstract mentions colorectal cancer in a tangential context - a space radiation study using mouse models that references colorectal cancer as background but focuses on radiation exposure effects rather than CRC-specific biomarker evidence for TPSG1.
ENSG00000211650.2,IGLV5-45,0,"The abstracts discuss colorectal cancer broadly but do not mention the specific gene IGLV5-45, providing no evidence for its role as a CRC biomarker."
ENSG00000197614.11,MFAP5,75,"The abstracts provide strong CRC-specific evidence for MFAP5 as a biomarker, demonstrating diagnostic utility with 91% sensitivity and 96% specificity for invasive carcinoma detection, prognostic value in early diagnosis models achieving >0.90 AUC, and mechanistic insights into tumor microenvironment interactions, though validation across larger cohorts would strengthen the evidence."
ENSG00000004799.8,PDK4,75,"The abstracts provide strong CRC-specific evidence for PDK4 as a biomarker, with multiple studies demonstrating its differential expression in CRC tissues, involvement in peritoneal metastasis mechanisms, and inclusion in validated diagnostic models with demonstrated ROC performance."
ENSG00000178473.7,UCN3,20,"The abstracts mention colorectal cancer only in the context of second primary cancers and general oncology studies, with no evidence of UCN3 as a CRC biomarker or any mechanistic role in colorectal cancer."
ENSG00000105989.10,WNT2,35,"While WNT2 is mentioned in the context of gastrointestinal cancers including colorectal cancer, the abstracts provide only limited CRC-specific evidence, with most content focusing on gastric cancer or general GI malignancies rather than direct CRC biomarker utility."
ENSG00000072133.11,RPS6KA6,65,"The abstracts provide strong CRC-specific evidence for RPS6KA6 as a biomarker, including enrichment in early-onset Hispanic/Latino patients not receiving FOLFOX treatment and experimental evidence showing RSK4 (the protein product) functions as a tumor suppressor that inhibits CRC cell growth, invasion, and EMT, though biomarker validation remains limited."
ENSG00000065609.14,SNAP91,25,"Only one abstract (#5) directly addresses colorectal cancer, describing periplocin's anticancer effects through LGALS3-mediated lysophagy, but SNAP91 is not mentioned in any of the provided abstracts."
ENSG00000154645.14,CHODL,85,"The abstract provides direct, comprehensive evidence of CHODL as a CRC biomarker, demonstrating promoter hypermethylation leads to gene silencing, tumor suppressor functions, and clear prognostic significance for patient survival, particularly in early-stage CRC."
ENSG00000118526.7,TCF21,75,"The abstracts provide strong CRC-specific evidence for TCF21 as a biomarker, particularly for metastasis prediction and therapeutic targeting, with mechanistic insights into the TCF21-WNT5A pathway and pericyte function in colorectal cancer progression."
ENSG00000166482.12,MFAP4,35,"MFAP4 appears in CRC-related contexts but evidence is limited - mentioned as upregulated in metastatic CRC exosomes and expressed in colonic stroma, but lacks direct biomarker validation or CRC-specific mechanistic insights."
ENSG00000160801.14,PTH1R,65,"The abstracts provide strong CRC-specific evidence with PTH1R identified as a prognostic biomarker in multiple studies, including its role in a validated 11-gene prognostic model and involvement in aggressive CRC behavior through the Met receptor pathway, though biomarker validation remains emerging rather than fully established."
ENSG00000143867.7,OSR1,25,"While OSR1 is mentioned in one abstract as a dysregulated oxidative stress gene in oxaliplatin-induced liver injury (a CRC treatment side effect), there is no direct evidence of OSR1 as a CRC biomarker or its role in CRC pathogenesis itself."
ENSG00000243238.1,IGKV2-30,0,No abstracts provided for evaluation.
ENSG00000064787.13,BCAS1,65,"The abstracts provide strong CRC-specific evidence with BCAS1 identified as a prognostic biomarker and therapeutic target, showing roles in alternative splicing regulation, cetuximab resistance, and protein interaction networks, though biomarker validation remains emerging rather than fully established."
ENSG00000129167.9,TPH1,85,"The abstracts provide strong, direct evidence for TPH1 as a CRC biomarker with clear therapeutic targeting potential, demonstrated tumor-promoting mechanisms, and validated prognostic utility in treatment response prediction."
ENSG00000015592.16,STMN4,45,"STMN4 is mentioned in CRC contexts but evidence is limited - one abstract identifies it as a prognostic factor for COAD survival and another shows decreased expression in metastatic lesions, but the gene is not the primary focus and mechanistic insights are minimal."
ENSG00000105492.16,SIGLEC6,75,"The abstracts provide strong CRC-specific evidence for SIGLEC6 as a biomarker, showing its association with shorter overall survival in CRC patients and functional upregulation in the CRC tumor microenvironment, though its role appears context-dependent across different immune cell types."
ENSG00000244116.3,IGKV2-28,0,No abstracts provided for evaluation of IGKV2-28 as a CRC biomarker - all abstracts show 'nan' content or discuss unrelated genes/topics.
ENSG00000067840.12,PDZD4,0,"No abstracts provided contain any mention of the gene PDZD4, making it impossible to evaluate its potential as a CRC biomarker based on the given content."
ENSG00000165197.5,VEGFD,75,"The abstracts provide strong CRC-specific evidence for VEGFD as a biomarker, with multiple studies showing its association with survival outcomes and treatment response in bevacizumab, aflibercept, and ramucirumab therapies, though validation as an established biomarker is still emerging."
ENSG00000135374.11,ELF5,75,"The abstracts provide strong CRC-specific evidence for ELF5 as a biomarker, with direct experimental validation showing its role in colorectal cancer cell proliferation, invasion, and patient prognosis, though the biomarker utility is still emerging rather than fully established."
ENSG00000128482.16,RNF112,75,"Abstract 3 provides strong direct evidence that RNF112 is a tumor suppressor in colorectal cancer with clear biomarker potential, showing decreased expression associated with clinical parameters and demonstrating a specific KLF4-RNF112-NAA40 mechanistic pathway. The other abstracts focus on phytochemical nanoformulations and body composition but lack RNF112-specific content."
ENSG00000162374.18,ELAVL4,15,"While colorectal cancer is mentioned in several abstracts, none provide evidence for ELAVL4 as a CRC biomarker - the abstracts focus on housing assistance, chemical synthesis, physician decision-making, and fluoxetine treatment rather than ELAVL4's role in CRC."
ENSG00000244575.3,IGKV1-27,0,"The abstracts provided do not contain any information about the gene IGKV1-27, instead focusing on various other aspects of colorectal cancer research including A20 enzyme, EpCAM imaging, CXCL14 immunotherapy, ablation margins, and a pancreatic cancer case report."
ENSG00000138669.9,PRKG2,85,"The abstracts provide strong, direct evidence for PRKG2 as a CRC biomarker, demonstrating its tumor suppressor role in colon epithelium with decreased expression in tumors versus normal tissue, and showing that PKG2 deficiency leads to increased polyp formation and enhanced proliferation in mouse models."
ENSG00000114455.13,HHLA2,75,"The abstracts provide strong CRC-specific evidence for HHLA2 as a biomarker, with multiple studies demonstrating its overexpression in CRC tissues, correlation with poor prognosis, and association with clinicopathological features like invasion depth and lymph node metastasis, though validation as an established biomarker is still emerging."
ENSG00000211668.2,IGLV2-11,0,"The abstracts discuss colorectal cancer research but do not mention IGLV2-11 specifically, providing no evidence for its role as a CRC biomarker."
ENSG00000253549.6,CA3-AS1,75,"The abstracts provide strong CRC-specific evidence with CA3-AS1 identified as both a functional regulator and diagnostic biomarker in colorectal cancer, though biomarker validation appears limited to initial studies rather than clinical validation."
ENSG00000105696.9,TMEM59L,85,"The abstracts provide strong, direct evidence for TMEM59L as a CRC biomarker with diagnostic, prognostic, and therapeutic utility, including associations with survival, metastasis, chemoresistance, and detailed mechanistic insights through multiple signaling pathways."
ENSG00000211637.2,IGLV4-69,0,"The abstract discusses radiomic models for predicting microsatellite instability in colorectal cancer but makes no mention of the IGLV4-69 gene, providing no evidence for its role as a CRC biomarker."
ENSG00000140297.13,GCNT3,85,"The abstracts provide strong, direct evidence for GCNT3 as a CRC biomarker with clear prognostic utility - low expression correlates with higher relapse risk and poor survival, while high expression is associated with better chemotherapy response and clinical outcomes in both colon and rectal cancer patients."
ENSG00000110975.8,SYT10,25,"SYT10 is mentioned only as part of a technical control panel for DNA methylation analysis in colorectal cancer cell lines, with no evidence of its own biomarker potential or CRC-specific biological role."
ENSG00000168032.10,ENTPD3,45,"ENTPD3 is mentioned in CRC contexts but primarily as part of broader studies on T2DM-CRC comorbidity and inflammatory bowel conditions rather than as a specific CRC biomarker, with limited direct evidence for diagnostic or prognostic utility in colorectal cancer."
ENSG00000184564.11,SLITRK6,65,"The abstracts provide strong CRC-specific evidence for SLITRK6 as a cancer stem cell-related gene involved in colorectal cancer progression and metastasis, with demonstrated differential expression patterns and regulatory miRNA interactions, though biomarker validation is still emerging."
ENSG00000166825.15,ANPEP,20,"ANPEP is mentioned only once in abstract [3] as a prostate cancer biomarker that showed differential expression between Gleason grades, with no colorectal cancer relevance discussed in any of the provided abstracts."
ENSG00000164128.7,NPY1R,65,"The abstracts provide strong CRC-specific evidence with NPY1R identified as a regional colon stem cell marker that serves as a cancer origin and is included in constructed regulatory networks for CRC, though biomarker validation is still emerging."
ENSG00000254560.6,BBOX1-AS1,85,"The abstracts provide strong, direct evidence for BBOX1-AS1 as a CRC biomarker with demonstrated diagnostic, prognostic, and therapeutic potential across multiple studies, including differential expression patterns, survival associations, and mechanistic insights into CRC progression and radiotherapy resistance."
ENSG00000145506.14,NKD2,75,"The abstracts provide strong CRC-specific evidence for NKD2 as a biomarker, showing its upregulation correlates with worse prognosis, its role in Wnt signaling dysregulation, and therapeutic targeting potential, though validation as an established clinical biomarker is still emerging."
ENSG00000178776.5,C5orf46,75,"The abstracts provide strong CRC-specific evidence showing C5orf46 as part of a validated prognostic model and demonstrating significant correlations with clinical indicators, immune infiltration, and patient outcomes in colorectal cancer, though the biomarker role appears emerging rather than fully established."
ENSG00000134240.12,HMGCS2,75,"The abstracts provide strong CRC-specific evidence with HMGCS2 showing biomarker potential in colorectal cancer progression, drug resistance mechanisms, and diagnostic utility in UC-to-CRC transition, though validation as an established clinical biomarker is still emerging."
ENSG00000251026.2,NIHCOLE,0,No abstracts provided for evaluation.
ENSG00000168079.17,SCARA5,0,No abstracts provided for evaluation - all abstract entries show 'nan' indicating no content is available for SCARA5.
ENSG00000196616.14,ADH1B,0,No abstracts provided for evaluation.
ENSG00000182271.13,TMIGD1,0,No abstracts provided for evaluation.
ENSG00000100604.13,CHGA,15,"While CHGA is mentioned in two abstracts as a biomarker in cancer contexts, there is no direct evidence of its specific role as a colorectal cancer biomarker - it appears only in passing references within broader cancer studies."
ENSG00000079689.14,SCGN,0,No abstracts provided for evaluation - all abstract entries show 'nan' indicating no content is available for analysis.
ENSG00000174992.8,ZG16,0,No abstracts provided for evaluation - all abstract entries show 'nan' indicating no content is available for the ZG16 gene.
ENSG00000104435.14,STMN2,0,No abstracts provided for evaluation - all abstract entries show 'nan' indicating no content is available for STMN2.
ENSG00000180875.5,GREM2,0,No abstracts provided for evaluation - all abstract entries show 'nan' indicating no content is available for GREM2.
ENSG00000231172.2,EVA1A-AS,0,No abstracts provided for evaluation - all abstract entries show 'nan' indicating no content is available for the gene EVA1A-AS.
ENSG00000162706.13,CADM3,0,No abstracts provided for evaluation - all abstract entries show 'nan' indicating no content is available for CADM3.
ENSG00000016490.16,CLCA1,0,No abstracts provided for evaluation.
ENSG00000159263.16,SIM2,0,No abstracts provided for evaluation - all abstract entries show 'nan' indicating no content is available for the SIM2 gene.
ENSG00000133742.14,CA1,75,"The abstracts provide strong CRC-specific evidence for CA1 as a biomarker, with one study directly identifying CA1 as a potential early diagnostic biomarker for colorectal cancer with demonstrated specificity and superior diagnostic efficacy (AUC = 0.917) when combined with SMPDL3A."
ENSG00000080493.18,SLC4A4,0,No abstracts provided for evaluation - all abstract entries show 'nan' indicating no content is available for the SLC4A4 gene.
ENSG00000016602.9,CLCA4,65,"The abstracts provide strong CRC-specific evidence for CLCA4 as a biomarker, particularly showing its role in suppressing cancer stem cell properties, enhancing immunotherapy response, and being downregulated in colorectal cancer with clear mechanistic insights through vimentin-FAK pathway interactions."
ENSG00000169432.18,SCN9A,0,No abstracts provided for evaluation.
ENSG00000106809.11,OGN,0,No abstracts provided for evaluation.
ENSG00000100448.4,CTSG,25,"While multiple abstracts mention colorectal cancer, none provide evidence for CTSG as a CRC biomarker - they focus on nursing interventions, wastewater surveillance of other markers (CDH1), therapy effects, and vitamin D mechanisms without mentioning CTSG."
ENSG00000104332.12,SFRP1,75,"The abstracts provide strong CRC-specific evidence with multiple studies demonstrating therapeutic targeting strategies (ATR/TopBP1 pathway inhibitors) showing efficacy in colorectal cancer models and clinical trials, including synergistic effects with standard chemotherapy regimens like FOLFIRI."
ENSG00000170381.14,SEMA3E,0,No abstracts provided for evaluation - all abstract entries show 'nan' indicating no content is available for SEMA3E.
ENSG00000164530.15,PI16,0,No abstracts provided for evaluation.
ENSG00000111846.19,GCNT2,0,No abstracts provided for evaluation - all abstract entries show 'nan' indicating no content is available for analysis.
ENSG00000198121.13,LPAR1,0,No abstracts provided for evaluation - all abstract entries show 'nan' indicating no content is available for analysis.
ENSG00000123560.14,PLP1,0,No abstracts provided for evaluation.
ENSG00000166869.3,CHP2,85,"The abstracts provide strong, direct evidence for CHP2 as a CRC biomarker with both prognostic and predictive utility, including mechanistic insights through PANoptosis regulation and validation across multiple studies and experimental models."
ENSG00000115263.15,GCG,25,"The abstracts mention colorectal cancer only tangentially in the context of GLP-1 receptor agonists and obesity-related cancer risk, but provide no direct evidence for GCG (glucagon) as a CRC biomarker with diagnostic, prognostic, or therapeutic utility."
ENSG00000113805.8,CNTN3,75,"Abstract [3] provides strong direct evidence for CNTN3 as a CRC biomarker, demonstrating its elevated expression in CRC tissues correlating with metastasis and advanced stages, its role in promoting EMT and invasion, and its regulation by PRRX2, establishing clear mechanistic insights and biomarker potential for CRC progression."
ENSG00000147724.12,FAM135B,0,No abstracts provided for evaluation - all abstract entries show 'nan' indicating no content is available for FAM135B.
ENSG00000166206.15,GABRB3,0,No abstracts provided for evaluation - all abstract entries show 'nan' indicating no content is available for the GABRB3 gene.
ENSG00000146469.13,VIP,0,The abstracts discuss various aspects of colorectal cancer treatment and patient care but contain no evidence about VIP (Vasoactive Intestinal Peptide) as a biomarker or its role in CRC biology.
ENSG00000244355.7,LY6G6D,0,No abstracts provided for evaluation - all abstract entries show 'nan' indicating no content is available for the gene LY6G6D.
ENSG00000129455.15,KLK8,25,"While colorectal cancer is mentioned in multiple abstracts, KLK8 is not mentioned at all in any of the provided abstracts, which focus on silver nanoparticles, IBD progression, cannabidiol, targeted drug delivery, and sodium butyrate treatments for CRC."
ENSG00000108381.11,ASPA,15,"The abstracts contain minimal CRC biomarker evidence for ASPA - only one abstract (#2) mentions colorectal cancer but focuses on a polysaccharide treatment rather than ASPA as a biomarker, while other abstracts discuss general cancer epidemiology or unrelated genes."
ENSG00000153993.13,SEMA3D,0,No abstracts provided for evaluation - all abstract entries show 'nan' indicating no content is available for SEMA3D.
ENSG00000060718.22,COL11A1,0,No abstracts provided for evaluation - all abstract entries show 'nan' indicating no content is available for COL11A1.
ENSG00000175785.13,PRIMA1,65,"The abstracts provide strong CRC-specific evidence for PRIMA1 as a biomarker, particularly in abstract 5 which identifies PRIMA1 as part of multi-biomarker combinations for early CRC detection, and abstract 4 which demonstrates PRIMA-1met's therapeutic potential in CRC treatment with synergistic effects when combined with oxaliplatin."
ENSG00000108231.14,LGI1,0,No abstracts provided for evaluation - all abstract entries show 'nan' indicating no content is available for the LGI1 gene.
ENSG00000108244.17,KRT23,0,No abstracts provided for evaluation.
ENSG00000179915.24,NRXN1,0,No abstracts provided for evaluation - all abstract entries show 'nan' indicating no content is available for analysis.
ENSG00000104059.4,ENTREP2,0,No abstracts provided for evaluation - all abstract entries show 'nan' indicating no content is available for the gene ENTREP2.
ENSG00000164379.7,FOXQ1,75,"The abstracts provide strong CRC-specific evidence for FOXQ1 as a biomarker, showing consistent overexpression in colorectal cancer tissues compared to normal tissues, correlation with poor prognosis and TNM staging, and downregulation upon treatment with anticancer agents, though validation as an established clinical biomarker is still emerging."
ENSG00000198488.10,B3GNT6,0,No abstracts provided for evaluation - all abstract entries show 'nan' indicating no content is available for the B3GNT6 gene.
ENSG00000162670.11,BRINP3,0,No abstracts provided for evaluation - all abstract entries show 'nan' indicating no content is available for the BRINP3 gene.
ENSG00000156284.6,CLDN8,0,No abstracts provided for evaluation - all abstract entries show 'nan' indicating no content is available for assessment.
ENSG00000092009.10,CMA1,0,No abstracts provided for evaluation.
ENSG00000109182.12,CWH43,0,No abstracts provided for evaluation - all abstract entries show 'nan' indicating no content is available for the CWH43 gene.
ENSG00000249550.7,LINC01234,0,No abstracts provided for evaluation.
ENSG00000185432.12,TMT1A,65,"The abstracts provide strong evidence for METTL7A as a CRC biomarker, showing consistent downregulation in colorectal cancer, prognostic significance, and inclusion in a validated 6-gene classifier for early CRC diagnosis with 91% accuracy."
ENSG00000147655.12,RSPO2,0,No abstracts provided for evaluation.
ENSG00000168447.11,SCNN1B,0,No abstracts provided for evaluation - all abstract entries show 'nan' indicating no content is available for SCNN1B.
ENSG00000163815.6,CLEC3B,0,No abstracts provided for evaluation - all abstract entries show 'nan' indicating no content is available for CLEC3B.
ENSG00000176490.5,DIRAS1,0,No abstracts provided for evaluation - all abstract entries show 'nan' indicating no content is available for the DIRAS1 gene.
ENSG00000198074.10,AKR1B10,0,No abstracts provided for evaluation - all abstract entries show 'nan' indicating no content is available for the gene AKR1B10.
ENSG00000183690.13,EFHC2,0,No abstracts provided for evaluation - all abstract entries show 'nan' indicating no content is available for the gene EFHC2.
ENSG00000186198.4,SLC51B,0,No abstracts provided for evaluation.
ENSG00000245694.10,LOC101927480,0,No abstracts provided for evaluation.
ENSG00000073737.17,DHRS9,0,No abstracts provided for evaluation.
ENSG00000196260.5,SFTA2,0,No abstracts provided for evaluation - all abstract entries show 'nan' indicating no content is available for the SFTA2 gene.
ENSG00000240498.9,CDKN2B-AS1,15,"While the abstracts mention CDKN2B-AS1 (ANRIL) in colorectal cancer contexts, most are retractions or expressions of concern, providing no reliable evidence. Only one abstract discusses the 9p21.3 locus comprehensively but focuses broadly on multiple genes rather than establishing specific biomarker utility for CDKN2B-AS1."
ENSG00000286042.1,LCAL1,0,No abstracts provided for evaluation.
ENSG00000135218.19,CD36,0,No abstracts provided for evaluation - all abstract entries show 'nan' indicating no content is available for CD36 assessment.
ENSG00000082397.17,EPB41L3,65,"The abstracts provide strong CRC-specific evidence with EPB41L3 identified as a survival-related gene in aggressive CRC forms, showing loss of expression in 42% of CRCs, and involvement in alternative splicing regulation affecting tumor progression, though the biomarker role is emerging rather than fully validated."
ENSG00000179914.5,ITLN1,65,"Abstract 2 provides strong direct evidence of ITLN1 as a CRC biomarker, showing it suppresses tumor progression through Wnt/β-catenin pathway inhibition and immune modulation, while abstract 3 identifies ITLN1 as a biomarker for both UC and CRC progression with prognostic potential."
ENSG00000124205.18,EDN3,0,No abstracts provided for evaluation - all abstract entries show 'nan' indicating no content is available for assessment.
ENSG00000250641.1,LY6G6F-LY6G6D,0,No abstracts provided for evaluation.
ENSG00000132465.12,JCHAIN,0,"No abstracts provided contain any evidence linking JCHAIN to colorectal cancer biomarker potential - the abstracts discuss pelvic fractures, general CRC computational pathology, methylation signatures, gut microbiota, and malnutrition diagnosis without mentioning JCHAIN."
ENSG00000101938.15,CHRDL1,0,No abstracts provided for evaluation - all abstract entries show 'nan' indicating no content is available for the CHRDL1 gene.
ENSG00000111863.13,ADTRP,0,No abstracts provided for evaluation - all abstract entries show 'nan' indicating no content is available for the ADTRP gene.
ENSG00000170091.11,NSG2,0,No abstracts provided for evaluation - all abstract entries show 'nan' indicating no content is available for NSG2.
ENSG00000171408.14,PDE7B,0,No abstracts provided for evaluation - all abstract entries show 'nan' indicating no content is available for the gene PDE7B.
ENSG00000260573.4,LOC124903770,0,No abstracts provided for evaluation.
ENSG00000133878.9,DUSP26,0,No abstracts provided for evaluation - all abstract entries show 'nan' indicating no content is available for DUSP26.
ENSG00000138722.10,MMRN1,15,"The abstracts discuss colorectal cancer but focus on surgical techniques, therapeutic compounds, cancer-associated fibroblasts, and ECM remodeling without any mention of MMRN1 gene specifically, providing no evidence for MMRN1 as a CRC biomarker."
ENSG00000231246.2,LINC02884,0,No abstracts provided for evaluation.
ENSG00000242366.3,UGT1A8,0,No abstracts provided for evaluation - all abstract entries show 'nan' indicating no content is available for assessment.
ENSG00000148483.9,TMEM236,0,No abstracts provided for evaluation - all abstract entries show 'nan' indicating no content is available for TMEM236.
ENSG00000242515.5,UGT1A10,0,No abstracts provided for evaluation - all abstract entries show 'nan' indicating no content is available for assessment.
ENSG00000134121.10,CHL1,0,No abstracts provided for evaluation.
ENSG00000169347.17,GP2,15,"The abstracts contain minimal CRC biomarker evidence for GP2, with only one brief mention in abstract [2] where GP2 immunostaining was negative in a rare colorectal adenocarcinoma variant, providing no meaningful biomarker utility."
ENSG00000188175.10,HEPACAM2,0,No abstracts provided for evaluation.
ENSG00000163497.3,FEV,0,No abstracts provided for evaluation - all abstract entries show 'nan' indicating no content is available for the FEV gene.
ENSG00000119147.10,ECRG4,65,"The abstracts provide strong CRC-specific evidence for ECRG4 as a biomarker, showing its role in metastasis regulation through the MAZ/UHRF1/ECRG4 axis and its identification as a hub prognostic gene in multi-omics analysis, though validation studies are still emerging."
ENSG00000118432.12,CNR1,0,No abstracts provided for evaluation - all abstract entries show 'nan' indicating no content is available for CNR1.
ENSG00000114200.10,BCHE,15,"The abstracts contain minimal CRC biomarker evidence for BCHE. Only abstract 5 mentions colorectal cancer (HT-29 cells) in passing as part of a general cancer cell panel, with no specific CRC biomarker data or mechanistic insights for BCHE."
ENSG00000103888.17,CEMIP,0,No abstracts provided for evaluation.
ENSG00000166391.15,MOGAT2,0,No abstracts provided for evaluation.
ENSG00000205683.11,DPF3,0,No abstracts provided for evaluation - all abstract entries show 'nan' indicating no content is available for DPF3.
ENSG00000171243.8,SOSTDC1,0,No abstracts provided for evaluation - all abstract entries show 'nan' indicating no content is available for SOSTDC1.
ENSG00000156298.13,TSPAN7,0,No abstracts provided for evaluation - all abstract entries show 'nan' indicating no content is available for TSPAN7.
ENSG00000100146.18,SOX10,25,"SOX10 is mentioned only once in abstract 4 as a transcriptional regulator of NGFR+ stromal cells in colorectal cancer, but this is a minor finding within a broader study of stromal organization and not focused on SOX10's biomarker potential."
ENSG00000137673.9,MMP7,75,"The abstracts provide strong CRC-specific evidence for MMP7 as a biomarker, with multiple studies demonstrating elevated expression in CRC tissues and serum, prognostic value for overall survival, and mechanistic involvement in invasion/migration pathways, though biomarker validation remains emerging rather than fully established."
ENSG00000078596.11,ITM2A,0,No abstracts provided for evaluation - all abstract entries show 'nan' indicating no content is available for ITM2A.
ENSG00000108018.15,SORCS1,0,No abstracts provided for evaluation - all abstract entries show 'nan' indicating no content is available for SORCS1.
ENSG00000104267.10,CA2,0,No abstracts provided for evaluation.
ENSG00000170454.6,KRT75,0,No abstracts provided for evaluation.
ENSG00000050030.16,NEXMIF,0,No abstracts provided for evaluation - all abstract entries show 'nan' indicating no content is available for the NEXMIF gene.
ENSG00000187699.10,AKAP19,0,No abstracts provided for evaluation - all abstract entries show 'nan' indicating no content is available for AKAP19.
ENSG00000116194.13,ANGPTL1,0,No abstracts provided for evaluation - all abstract entries show 'nan' indicating no content is available for ANGPTL1.
ENSG00000164283.13,ESM1,75,"The abstracts provide strong CRC-specific evidence with ESM1 identified as a prognostic biomarker in metastatic CRC (elevated levels predict poor treatment response and survival outcomes) and as a progression-significant biomarker across CRC stages, though validation as an established clinical biomarker is still emerging."
ENSG00000168309.18,FAM107A,85,"The abstracts provide strong, direct evidence for FAM107A as a CRC biomarker with clear tumor suppressor functions, mechanistic insights through DNMT1/FOXM1 and AKT/EMT pathways, and therapeutic potential as demonstrated by multiple functional studies."
ENSG00000186007.10,LEMD1,0,No abstracts provided for evaluation - all abstract entries show 'nan' indicating no content is available for the LEMD1 gene.
ENSG00000175832.13,ETV4,0,No abstracts provided for evaluation - all abstract entries show 'nan' indicating no content is available for assessment.
ENSG00000168875.3,SOX14,0,No abstracts provided for evaluation - all abstract entries show 'nan' indicating no content is available for SOX14.
ENSG00000018236.15,CNTN1,0,No abstracts provided for evaluation.
ENSG00000153253.19,SCN3A,0,No abstracts provided for evaluation - all abstract entries show 'nan' indicating no content is available for SCN3A.
ENSG00000213468.7,FIRRE,0,No abstracts provided for evaluation - all abstract entries show 'nan' indicating no content is available for the FIRRE gene.
ENSG00000164120.14,HPGD,0,No abstracts provided for evaluation - all abstract entries show 'nan' indicating no content is available for the HPGD gene.
ENSG00000169252.6,ADRB2,65,"Abstract [2] provides strong CRC-specific evidence showing ADRB2 (β2-adrenergic receptor) expression in colorectal cancer liver metastasis and demonstrates its mechanistic role in norepinephrine-driven tumor progression through Kupffer cell reprogramming, but the biomarker utility is primarily in the metastatic context rather than as a general CRC diagnostic marker."
ENSG00000167912.6,TOX-DT,0,No abstracts provided for evaluation - all abstract entries show 'nan' indicating no content is available for the TOX-DT gene.
ENSG00000249162.1,ADAM20P3,0,No abstracts provided for evaluation - all abstract entries show 'nan' indicating no content is available for ADAM20P3.
ENSG00000170954.11,ZNF415,20,"While colorectal cancer is mentioned in multiple abstracts, ZNF415 is not specifically discussed in any of them, providing no evidence for its role as a CRC biomarker."
ENSG00000153823.19,PID1,0,No abstracts provided for evaluation - all abstract entries show 'nan' indicating no content is available for assessment.
ENSG00000125675.18,GRIA3,0,No abstracts provided for evaluation - all abstract entries show 'nan' indicating no content is available for GRIA3.
ENSG00000019102.12,VSIG2,0,No abstracts provided for evaluation.
ENSG00000224721.1,FLVCR2-AS1,0,No abstracts provided for evaluation.
ENSG00000160712.13,IL6R,0,No abstracts provided for evaluation.
ENSG00000197766.8,CFD,15,"CFD is only mentioned tangentially in one abstract about high-altitude exposure and gut microbiota, where colorectal cancer is listed among various diseases without any specific evidence linking CFD to CRC biomarker potential."
ENSG00000163145.13,C1QTNF7,0,No abstracts provided for evaluation - all abstract entries show 'nan' indicating no content is available for the gene C1QTNF7.
ENSG00000137077.8,CCL21,0,No abstracts provided for evaluation.
ENSG00000277586.4,NEFL,0,No abstracts provided for evaluation.
ENSG00000167916.5,KRT24,20,The abstracts mention colorectal cancer screening and diagnosis but do not contain any evidence about KRT24 as a CRC biomarker - the gene is not discussed in any of the provided abstracts.
ENSG00000138615.6,CILP,0,No abstracts provided for evaluation - all abstract entries show 'nan' indicating no content is available for the CILP gene.
ENSG00000109132.7,PHOX2B,0,No abstracts provided for evaluation.
ENSG00000154175.18,ABI3BP,0,No abstracts provided for evaluation.
ENSG00000119919.11,NKX2-3,0,No abstracts provided for evaluation.
ENSG00000047457.14,CP,25,"While colorectal cancer is mentioned in abstracts 2, 4, and 5, the gene CP (ceruloplasmin) is not specifically discussed in any of the provided abstracts, which focus on other topics like inflammatory bowel disease, PIWI proteins, chronic pancreatitis, and cathepsin E."
ENSG00000205364.4,MT1M,0,No abstracts provided for evaluation - all abstract entries show 'nan' indicating no content is available for the MT1M gene.
ENSG00000154721.15,JAM2,0,No abstracts provided for evaluation - all abstract entries show 'nan' indicating no content is available for JAM2.
ENSG00000147588.7,PMP2,0,No abstracts provided for evaluation - all abstracts are marked as 'nan' or contain no content related to the PMP2 gene.
ENSG00000171431.4,KRT20,75,"The abstracts provide strong evidence for KRT20 (CK20) as a CRC biomarker, with multiple studies demonstrating its use in immunohistochemical profiling to distinguish colorectal adenocarcinoma from other cancer types and confirm metastatic CRC diagnosis, though the evidence focuses more on diagnostic utility than prognostic applications."
ENSG00000171819.5,ANGPTL7,0,No abstracts provided for evaluation - all abstract entries show 'nan' indicating no content is available for the ANGPTL7 gene.
ENSG00000197565.16,COL4A6,0,No abstracts provided for evaluation - all abstract entries show 'nan' indicating no content is available for COL4A6.
ENSG00000254645.2,LOC105376567,0,No abstracts provided for evaluation.
ENSG00000188373.5,GPR15LG,0,No abstracts provided for evaluation - all abstract entries show 'nan' indicating no content is available for GPR15LG.
ENSG00000271447.6,MMP28,75,"The abstracts provide strong CRC-specific evidence for MMP28 as a biomarker, showing consistent downregulation in CRC tissues, association with metastasis through the CD36-MMP28-E-cadherin axis, and potential prognostic value, though validation as an established clinical biomarker is still emerging."
ENSG00000181804.15,SLC9A9,0,No abstracts provided for evaluation - all abstract entries show 'nan' indicating no content is available for assessment.
ENSG00000137634.10,NXPE4,0,No abstracts provided for evaluation - all abstract entries show 'nan' indicating no content is available for the gene NXPE4.
ENSG00000132514.14,CLEC10A,0,"No abstracts provided contain evidence about CLEC10A as a colorectal cancer biomarker - the abstracts discuss surgical techniques, nutrition, and other unrelated topics without mentioning CLEC10A."
ENSG00000224650.2,IGHV3-74,20,"While multiple abstracts mention colorectal cancer, IGHV3-74 is not specifically discussed as a CRC biomarker in any of the provided abstracts, with most focusing on treatment strategies, other molecular targets, or antibody characterization unrelated to IGHV3-74."
ENSG00000107562.16,CXCL12,85,"The abstracts provide strong, direct evidence for CXCL12 as a CRC biomarker with clear diagnostic, prognostic, and therapeutic relevance across multiple studies demonstrating its role in metastasis, immune evasion, and treatment response."
ENSG00000213088.12,ACKR1,65,"The abstracts provide strong CRC-specific evidence for ACKR1 as a biomarker, particularly showing its role in endothelial cell activation and tumor progression through CXCL2 interaction, with mechanistic insights into metastasis pathways, though validation as an established clinical biomarker is still emerging."
ENSG00000146013.11,GFRA3,0,No abstracts provided for evaluation - all abstract entries show 'nan' indicating no content is available for GFRA3.
ENSG00000224189.8,HAGLR,15,"The abstracts contain minimal CRC biomarker evidence for HAGLR, with only tangential mentions of colorectal cancer in technical/clinical contexts without any specific molecular or biomarker data about this gene."
ENSG00000172137.19,CALB2,5,"The abstracts contain minimal CRC-specific content, with only one abstract mentioning colorectal cancer screening prevalence in a population study without any biomarker-related findings for CALB2."
ENSG00000146151.14,HMGCLL1,0,No abstracts provided for evaluation - all abstract entries show 'nan' indicating no content is available for the gene HMGCLL1.
ENSG00000163687.14,DNASE1L3,0,No abstracts provided for evaluation - all abstract entries show 'nan' indicating no content is available for DNASE1L3.
ENSG00000226087.2,LOC105374588,0,No abstracts provided for evaluation.
ENSG00000092421.17,SEMA6A,0,No abstracts provided for evaluation - all abstract entries show 'nan' indicating no content is available for SEMA6A.
ENSG00000078549.15,ADCYAP1R1,0,No abstracts provided for evaluation.
ENSG00000167701.14,GPT,20,"The abstracts mention colorectal cancer only in passing or as context for other research topics (surgical techniques, AI analysis tools, anesthesia methods) rather than providing evidence for GPT as a CRC biomarker."
ENSG00000144339.12,TMEFF2,0,No abstracts provided for evaluation.
ENSG00000154262.13,ABCA6,0,No abstracts provided for evaluation - all abstract entries show 'nan' indicating no content is available for ABCA6.
ENSG00000133083.15,DCLK1,0,No abstracts provided for evaluation.
ENSG00000172005.11,MAL,0,No abstracts provided for evaluation - all abstract entries show 'nan' indicating no content is available for the MAL gene.
ENSG00000168229.4,PTGDR,0,No abstracts provided for evaluation - all abstract entries show 'nan' indicating no content is available for analysis.
ENSG00000151892.15,GFRA1,0,No abstracts provided for evaluation - all abstract entries show 'nan' indicating no content is available for GFRA1.
ENSG00000173175.15,ADCY5,0,No abstracts provided for evaluation - all abstract entries show 'nan' indicating no content is available for assessment.
ENSG00000105894.12,PTN,0,No abstracts provided for evaluation.
ENSG00000166816.15,LDHD,0,No abstracts provided for evaluation - all abstract entries show 'nan' indicating no content is available for the LDHD gene.
ENSG00000104892.17,KLC3,0,No abstracts provided for evaluation - all abstract entries show 'nan' indicating no content is available for the gene KLC3.
ENSG00000151623.15,NR3C2,0,No abstracts provided for evaluation - all abstract entries show 'nan' indicating no content is available for analysis.
ENSG00000116748.21,AMPD1,20,"While abstracts mention colorectal cancer in passing (screening methods, colon cancer cell lines, and colon cancer models), none provide evidence for AMPD1 as a CRC biomarker - the gene is not mentioned in any abstract."
ENSG00000113580.15,NR3C1,0,No abstracts provided for evaluation.
ENSG00000070748.19,CHAT,0,No abstracts provided for evaluation - all abstract entries show 'nan' indicating no content is available for the CHAT gene.
ENSG00000171951.5,SCG2,15,"SCG2 is not mentioned in any of the provided abstracts, which focus on colorectal cancer nomograms, surgical techniques, genetic correlations with Alzheimer's disease, and other biomarkers (endocan, PDGF, MACC1, IER2) but contain no evidence regarding SCG2 as a CRC biomarker."
ENSG00000162992.4,NEUROD1,20,"While colorectal cancer is mentioned in several abstracts, NEUROD1 is not discussed in any of them, providing no evidence for its role as a CRC biomarker."
ENSG00000155850.8,SLC26A2,0,No abstracts provided for evaluation - all abstract entries show 'nan' indicating no content is available for assessment.
ENSG00000223812.8,PYDC2-AS1,0,No abstracts provided for evaluation.
ENSG00000113396.13,SLC27A6,0,No abstracts provided for evaluation - all abstract entries show 'nan' indicating no content is available for assessment.
ENSG00000172031.7,EPHX4,0,No abstracts provided for evaluation - all abstract entries show 'nan' indicating no content is available for the EPHX4 gene.
ENSG00000137868.19,STRA6,0,No abstracts provided for evaluation - all abstract entries show 'nan' indicating no content is available for the STRA6 gene.
ENSG00000118777.12,ABCG2,0,No abstracts provided for evaluation.
ENSG00000113303.12,BTNL8,0,No abstracts provided for evaluation - all abstract entries show 'nan' indicating no content is available for the BTNL8 gene.
ENSG00000168477.19,TNXB,0,No abstracts provided for evaluation - all abstract entries show 'nan' indicating no content is available for the TNXB gene.
ENSG00000170369.4,CST2,75,"The abstracts provide strong CRC-specific evidence for CST2 as a biomarker, with Abstract 3 directly demonstrating its diagnostic and prognostic utility in colorectal cancer, showing correlation with advanced stages, disease-free survival, and overall survival. Abstract 1 further supports CST2's inclusion in a validated prognostic signature for colon adenocarcinoma."
ENSG00000174944.9,P2RY14,0,No abstracts provided for evaluation.
ENSG00000130294.17,KIF1A,0,No abstracts provided for evaluation - all abstract entries show 'nan' indicating no content is available for KIF1A.
ENSG00000102683.8,SGCG,0,No abstracts provided for evaluation - all abstract entries show 'nan' indicating no content is available for the SGCG gene.
ENSG00000197561.7,ELANE,0,No abstracts provided for evaluation.
ENSG00000251546.1,IGKV1D-39,0,No abstracts provided for evaluation.
ENSG00000127083.7,OMD,0,No abstracts provided for evaluation.
ENSG00000184144.12,CNTN2,0,No abstracts provided for evaluation - all abstract entries show 'nan' indicating no content is available for assessment.
ENSG00000048052.22,HDAC9,0,No abstracts provided for evaluation - all abstract entries show 'nan' indicating no content is available for HDAC9.
ENSG00000105464.3,GRIN2D,0,No abstracts provided for evaluation - all abstract entries show 'nan' indicating no content is available for analysis.
ENSG00000120149.9,MSX2,15,The abstracts mention colorectal cancer in various contexts but provide no evidence that MSX2 is a CRC biomarker - the gene is not mentioned in any of the provided abstracts.
ENSG00000204065.3,TCEAL5,0,No abstracts provided for evaluation - all abstract entries show 'nan' indicating no content is available for the gene TCEAL5.
ENSG00000144290.17,SLC4A10,0,No abstracts provided for evaluation.
ENSG00000162409.11,PRKAA2,45,"The abstracts mention colorectal cancer in the context of AMPK signaling and autophagy modulation, but PRKAA2 (AMPK alpha-2 subunit) is not the primary focus and evidence is largely indirect or pan-cancer rather than CRC-specific."
ENSG00000101115.13,SALL4,0,No abstracts provided for evaluation - all abstract entries show 'nan' indicating no content is available for the SALL4 gene.
ENSG00000169313.10,P2RY12,0,No abstracts provided for evaluation.
ENSG00000170382.12,LRRN2,0,No abstracts provided for evaluation - all abstract entries show 'nan' indicating no content is available for the LRRN2 gene.
ENSG00000150625.16,GPM6A,0,No abstracts provided for evaluation.
ENSG00000036672.16,USP2,65,"The abstracts provide strong CRC-specific evidence for USP2, including its identification as a signature gene for CRC diagnosis through machine learning approaches, its role in chemoresistance mechanisms, and involvement in metastasis pathways, though biomarker validation appears to be in early stages."
ENSG00000178031.17,ADAMTSL1,0,No abstracts provided for evaluation - all abstract entries show 'nan' indicating no content is available for the ADAMTSL1 gene.
ENSG00000048462.11,TNFRSF17,20,"The abstracts mention colon/colorectal cancer only tangentially in broader cancer studies, with no specific evidence for TNFRSF17 as a CRC biomarker or any direct mechanistic role in CRC."
ENSG00000095110.8,NXPE1,0,No abstracts provided for evaluation - all abstract entries show 'nan' indicating no content is available for the NXPE1 gene.
ENSG00000013293.6,SLC7A14,0,No abstracts provided for evaluation - all abstract entries show 'nan' indicating no content is available for the gene SLC7A14.
ENSG00000287750.1,LOC124902202,0,No abstracts provided for evaluation.
ENSG00000187398.12,LUZP2,0,No abstracts provided for evaluation - all abstract entries show 'nan' indicating no content is available for the LUZP2 gene.
ENSG00000146039.11,SLC17A4,0,No abstracts provided for evaluation - all abstract entries show 'nan' indicating no content is available for the gene SLC17A4.
ENSG00000169218.14,RSPO1,0,No abstracts provided for evaluation - all abstract entries show 'nan' indicating no content is available for analysis.
ENSG00000133169.6,BEX1,0,No abstracts provided for evaluation - all abstract entries show 'nan' indicating no content is available for the BEX1 gene.
ENSG00000139200.14,PIANP,0,No abstracts provided for evaluation - all abstract entries show 'nan' indicating no content is available for the PIANP gene.
ENSG00000144218.19,AFF3,0,No abstracts provided for evaluation - all abstract entries show 'nan' indicating no content is available for the AFF3 gene.
ENSG00000132872.12,SYT4,0,No abstracts provided for evaluation - all abstract entries show 'nan' indicating no content is available for the SYT4 gene.
ENSG00000225698.3,IGHV3-72,20,"While multiple abstracts mention colorectal cancer, IGHV3-72 is not specifically discussed as a CRC biomarker in any of the provided abstracts, with most focusing on treatment strategies, other molecular targets, or antibody characterization rather than IGHV3-72's biomarker potential."
ENSG00000270372.1,LINC03131,0,No abstracts provided for evaluation - all abstract entries show 'nan' indicating no content is available for LINC03131.
ENSG00000107295.10,SH3GL2,0,No abstracts provided for evaluation - all abstract entries show 'nan' indicating no content is available for the SH3GL2 gene.
ENSG00000145287.11,PLAC8,0,No abstracts provided for evaluation - all abstract entries show 'nan' indicating no content is available for the PLAC8 gene.
ENSG00000214652.6,ZNF727,0,No abstracts provided for evaluation - all abstract entries show 'nan' indicating no content is available for ZNF727.
ENSG00000227243.3,SLAMF6P1,0,No abstracts provided for evaluation - all abstract entries show 'nan' indicating no content is available for analysis.
ENSG00000157404.16,KIT,15,"The abstracts focus on colorectal cancer screening methods and patient experiences but do not mention the KIT gene at all, providing no evidence for KIT as a CRC biomarker."
ENSG00000274736.5,CCL23,0,No abstracts provided for evaluation - all abstract entries show 'nan' indicating no content is available for CCL23.
ENSG00000166501.14,PRKCB,65,"The abstracts provide strong CRC-specific evidence with PRKCB identified as a prognostic biomarker in colorectal cancer and PKCβII shown to regulate anoikis resistance in colon cancer cells, though the biomarker role is emerging rather than fully validated."
ENSG00000175356.14,SCUBE2,0,No abstracts provided for evaluation - all abstract entries show 'nan' indicating no content is available for SCUBE2 CRC biomarker assessment.
ENSG00000240505.9,TNFRSF13B,0,No abstracts provided for evaluation.
ENSG00000107159.13,CA9,0,The provided abstracts discuss various aspects of colorectal cancer treatment and screening but contain no mention of CA9 (carbonic anhydrase IX) or any evidence linking it to colorectal cancer biomarker potential.
ENSG00000134028.14,ADAMDEC1,0,No abstracts provided for evaluation - all abstract entries show 'nan' indicating no content is available for ADAMDEC1.
ENSG00000168903.9,BTNL3,0,No abstracts provided for evaluation - all abstract entries show 'nan' indicating no content is available for BTNL3.
ENSG00000183454.18,GRIN2A,15,"Only one abstract mentions colorectal cancer specifically, describing Neu5Gc glycoconjugates as potential serum biomarkers, but GRIN2A is not mentioned in any of the provided abstracts."
ENSG00000227063.5,RPL41P1,0,No abstracts provided for evaluation - all abstract entries show 'nan' indicating no content is available for analysis.
ENSG00000214814.7,FER1L6,0,No abstracts provided for evaluation - all abstract entries show 'nan' indicating no content is available for the gene FER1L6.
ENSG00000180660.8,MAB21L1,0,No abstracts provided for evaluation - all abstract entries show 'nan' indicating no content is available for the gene MAB21L1.
ENSG00000128040.11,SPINK2,0,No abstracts provided for evaluation.
ENSG00000109339.24,MAPK10,0,No abstracts provided for evaluation - all abstract entries show 'nan' indicating no content is available for MAPK10.
ENSG00000182050.13,MGAT4C,0,No abstracts provided for evaluation - all abstract entries show 'nan' indicating no content is available for analysis.
ENSG00000189056.14,RELN,0,"The abstracts discuss various aspects of colorectal cancer research including terpenoids, prolyl 3-hydroxylase 2, FGFR4, DNA methylation, and stool RNA testing, but none mention or provide evidence about the RELN gene as a CRC biomarker."
ENSG00000172260.15,NEGR1,0,No abstracts provided for evaluation - all abstract entries show 'nan' indicating no content is available for the NEGR1 gene.
ENSG00000223573.7,TINCR,0,No abstracts provided for evaluation - all abstract entries show 'nan' indicating no content is available for the TINCR gene.
ENSG00000110887.8,DAO,15,"The abstracts mention colorectal cancer in various contexts but provide no evidence that the DAO gene is relevant as a CRC biomarker. The studies focus on other topics like spontaneous tumor regression, drug repurposing, multi-omics profiling, nanoparticle delivery systems, and traditional medicine, with no mention of DAO gene involvement."
ENSG00000166111.10,SVOP,0,No abstracts provided for evaluation - all abstract entries show 'nan' indicating no content is available for the SVOP gene.
ENSG00000262097.2,LINC02185,0,No abstracts provided for evaluation - all abstract entries show 'nan' indicating no content is available for LINC02185.
ENSG00000256643.1,LINC02441,0,No abstracts provided for evaluation - all abstract entries show 'nan' indicating no content is available for LINC02441.
ENSG00000100626.17,GALNT16,0,No abstracts provided for evaluation - all abstract entries show 'nan' indicating no content is available for GALNT16.
ENSG00000092051.17,JPH4,0,No abstracts provided for evaluation - all abstract entries show 'nan' indicating no content is available for JPH4.
ENSG00000151079.7,KCNA6,0,No abstracts provided for evaluation - all abstract entries show 'nan' indicating no content is available for the KCNA6 gene.
ENSG00000185760.17,KCNQ5,0,No abstracts provided for evaluation - all abstract entries show 'nan' indicating no content is available for the KCNQ5 gene.
ENSG00000149575.9,SCN2B,0,No abstracts provided for evaluation - all abstract entries show 'nan' indicating no content is available for the SCN2B gene.
ENSG00000138678.11,GPAT3,75,"The abstracts provide strong CRC-specific evidence for GPAT3 as a biomarker, particularly showing its role in chemoresistance, lipid droplet accumulation, and tumor progression with clear mechanistic insights into lipid metabolism reprogramming and immune evasion in colorectal cancer."
ENSG00000168824.14,NSG1,65,"The abstracts provide strong CRC-specific evidence with multiple studies directly investigating colorectal cancer, including KRAS mutations, therapeutic targets, and survival outcomes, but the biomarker potential is emerging rather than fully validated."
ENSG00000177098.9,SCN4B,0,No abstracts provided for evaluation - all abstract entries show 'nan' indicating no content is available for the SCN4B gene.
ENSG00000108823.16,SGCA,0,No abstracts provided for evaluation.
ENSG00000130055.14,GDPD2,0,No abstracts provided for evaluation - all abstract entries show 'nan' indicating no content is available for the GDPD2 gene.
ENSG00000111700.13,SLCO1B3,0,No abstracts provided for evaluation - all abstract entries show 'nan' indicating no content is available for the gene SLCO1B3.
ENSG00000132915.11,PDE6A,0,No abstracts provided for evaluation - all abstract entries show 'nan' indicating no content is available for assessment.
ENSG00000205221.12,VIT,45,"The abstracts mention colorectal cancer in the context of computational pathology and image analysis methods, but VIT appears to refer to Vision Transformers (ViTs) rather than a gene, with no evidence of biomarker potential for colorectal cancer diagnosis or prognosis."
ENSG00000134827.8,TCN1,15,"While abstract [5] mentions testing against human colon cancer cells (HCT116), TCN1 is not mentioned in any of the provided abstracts, which focus on other genes and biomarkers for CRC screening and diagnosis."
ENSG00000172348.15,RCAN2,85,"The abstracts provide strong, direct evidence for RCAN2 as a CRC biomarker, demonstrating its decreased expression in CRC tissues and cells, specific association with KRAS mutations, and mechanistic role in cancer stem cell properties through calcineurin-NFAT signaling pathways."
ENSG00000257588.1,AQP5-AS1,0,No abstracts provided for evaluation.
ENSG00000188641.14,DPYD,75,"The abstracts provide strong CRC-specific evidence for DPYD as a pharmacogenomic biomarker, with multiple studies demonstrating its role in predicting fluoropyrimidine toxicity and treatment response in colorectal cancer patients, though the focus is primarily on drug metabolism rather than disease diagnosis or prognosis."
ENSG00000171303.7,KCNK3,0,"The provided abstracts discuss colorectal cancer screening, polyp segmentation, surveillance guidelines, clinical trial reproduction, and Crohn's disease diagnosis, but contain no mention of the KCNK3 gene or its role as a biomarker."
ENSG00000181234.9,TMEM132C,0,No abstracts provided for evaluation - all abstract entries show 'nan' indicating no content is available for TMEM132C.
ENSG00000249167.2,SEMA6A-AS2,0,No abstracts provided for evaluation - all abstract entries show 'nan' indicating no content is available for the gene SEMA6A-AS2.
ENSG00000154258.17,ABCA9,0,No abstracts provided for evaluation - all abstract entries show 'nan' indicating no content is available for the ABCA9 gene.
ENSG00000083782.8,EPYC,0,No abstracts provided for evaluation.
ENSG00000204424.10,LY6G6F,0,No abstracts provided for evaluation - all abstract entries show 'nan' indicating no content is available for the gene LY6G6F.
ENSG00000211941.3,IGHV3-11,20,"While multiple abstracts mention colorectal cancer, IGHV3-11 is not specifically discussed as a CRC biomarker in any of the provided abstracts, with most focusing on treatment strategies, other molecular targets, or antibody characterization rather than IGHV3-11's biomarker potential."
ENSG00000118729.12,CASQ2,0,No abstracts provided for evaluation - all abstract entries show 'nan' indicating no content is available for CASQ2.
ENSG00000101098.13,RIMS4,0,No abstracts provided for evaluation.
ENSG00000171916.17,LGALS9C,45,"The abstract mentions LGALS9C in the context of rectal adenocarcinoma (a type of CRC) as part of a prognostic gene signature, but provides limited specific evidence about its biomarker utility beyond noting its negative correlation with immune infiltrates."
ENSG00000103544.15,VPS35L,0,No abstracts provided for evaluation.
ENSG00000153446.16,C16orf89,0,No abstracts provided for evaluation.
ENSG00000226306.6,NPY6R,0,No abstracts provided for evaluation.
ENSG00000179277.9,MEIS3P1,0,No abstracts provided for evaluation - all abstract entries show 'nan' indicating no content is available for analysis.
ENSG00000121871.4,SLITRK3,0,No abstracts provided for evaluation - all abstract entries show 'nan' indicating no content is available for SLITRK3.
ENSG00000179314.14,WSCD1,0,No abstracts provided for evaluation - all abstract entries show 'nan' indicating no content is available for the WSCD1 gene.
ENSG00000173320.12,STOX2,0,No abstracts provided for evaluation - all abstract entries show 'nan' indicating no content is available for the STOX2 gene.
ENSG00000249306.6,LINC01411,0,No abstracts provided for evaluation - all abstract entries show 'nan' indicating no content is available for LINC01411.
